출원번호,발명의 명칭,출원일자,CPC,독립항 수,종속항 수
1020230108030,회전체의 최대 압박 하중 결정 방법 및 회전체의 최대압박 하중 결정 프로그램을 기록한 컴퓨터로 판독 가능한 기록 매체,20230818,B24B 37/005,2,0
1020230082348,산화물 반도체막 및 반도체 장치,20230627,H01L 29/786,2,3
1020230069881,SiC 단결정 기판,20230531,C30B 29/36,3,6
1020230069704,SiC 단결정 기판,20230531,C30B 29/36,2,4
1020230069221,SiC 기판 및 SiC 잉곳,20230530,C30B 29/36,2,11
1020230069222,SiC 기판 및 SiC 잉곳,20230530,C30B 29/36,2,10
1020230068081,SiC 기판 및 SiC 에피택셜 웨이퍼,20230526,C30B 29/36,2,7
1020230068125,SiC 기판 및 SiC 에피택셜 웨이퍼,20230526,C30B 29/36,5,13
1020230068128,SiC 기판 및 SiC 에피택셜 웨이퍼,20230526,C30B 29/36,2,9
1020230067410,SiC 기판 및 SiC 잉곳,20230525,C30B 29/36,3,10
1020230062850,"반사 방지 필름, 표시 장치 및 표시 장치의 반사 방지 필름의 선택 방법",20230516,G02B 1/11,3,8
1020230058327,"기판 홀더, 도금 장치 및 도금 방법",20230504,C25D 17/06,9,9
1020230048090,도금 장치,20230412,C25D 17/00,7,7
1020230028229,"경화성 조성물, 드라이 필름, 경화물 및 프린트 배선판",20230303,C08K 3/013,3,5
1020230020465,산화물 반도체막 및 반도체 장치,20230216,H01L 29/786,6,1
1020230016072,도금 장치,20230207,C25D 21/12,1,6
1020230012647,반도체 제조 장치 및 반도체 장치의 제조 방법,20230131,H01L 21/67,2,11
1020230009516,기록 장치,20230125,B41J 2/175,4,17
1020230002274,이트륨계 용사 피막 및 그의 제조 방법,20230106,C23C 4/06,1,2
1020220179999,"반도체 제조 장치, 반도체 제조 장치의 고장 예지 방법 및 기억 매체",20221221,H01L 21/67,3,4
1020220149191,"열처리 장치의 상태 감시 장치, 열처리 장치의 관리 방법 및 기억 매체",20221110,H01L 21/67,15,4
1020220144231,도금 장치,20221102,C25D 21/12,1,11
1020220141280,"카메라 모듈, 포터블 전자 기기, 및 위치 제어 시스템",20221028,H04N 23/60,10,3
1020220134835,"땜납 합금, 땜납 페이스트, 땜납 볼, 땜납 프리폼 및 납땜 이음",20221019,B23K 35/26,5,1
1020220130412,도금 장치 및 시스템,20221012,C25D 21/12,2,5
1020220126800,기록 장치,20221005,B41J 2/175,2,22
1020220123928,세정 장치 및 기판 세정 방법,20220929,H01L 21/67,3,6
1020220121309,압축기 유닛,20220926,B63H 21/38,2,5
1020220118421,연결 기구의 회전 중심 위치 결정 방법 및 연결 기구의 회전 중심 위치 결정 프로그램을 기록한 컴퓨터로 판독 가능한 기록 매체,20220920,B24B 37/005,4,2
1020220117596,적층체 및 적층체의 제조 방법,20220919,B32B 17/10,6,7
1020220110026,발광 소자,20220831,H01L 51/50,4,8
1020220105421,땜납 합금 및 땜납 이음,20220823,B23K 35/26,3,1
1020227045597,"형광체, 발광 장치, 조명 장치, 화상 표시 장치 및 차량용 표시등",20220819,C09K 11/77,11,17
1020227045598,"형광체, 발광 장치, 조명 장치, 화상 표시 장치 및 차량용 표시등",20220819,C09K 11/77,11,17
1020220098971,기판 처리 장치,20220809,H01L 21/67,1,4
1020237007131,안테나 부재,20220802,H01Q 1/38,1,13
1020237018960,도금 방법 및 도금 장치,20220802,C25D 17/06,7,4
1020220094715,카메라 모듈,20220729,H04N 23/00,7,15
1020220094080,EL 표시 장치,20220728,H10K 59/00,2,5
1020220090126,"기판 처리 장치, 기판 처리 장치의 운전 방법 및 기억 매체",20220721,H01L 21/67,3,8
1020220086689,압축기 유닛 및 그 제어 방법,20220714,F04B 39/06,2,3
1020220084298,회전 전기 기기,20220708,H02K 9/08,1,6
1020220081056,화상 형성 장치,20220701,G03G 15/00,1,10
1020220076561,로드 포트 및 로드 포트를 구비하는 기판 반송 시스템,20220623,H01L 21/677,2,4
1020220076877,"패턴 형성 방법, 리소그래피 장치, 및 물품 제조 방법",20220623,G03F 9/00,9,4
1020220076364,수전 작업기의 전동 장치,20220622,A01C 11/02,1,6
1020237003875,도금 장치,20220617,C25D 21/08,2,5
1020237003918,누설 판정 방법 및 도금 장치,20220617,C25D 21/00,6,4
1020220073428,반도체 제조 장치 및 반도체 장치의 제조 방법,20220616,H01L 21/67,2,5
1020237009335,도금 장치,20220601,C25D 17/00,2,4
1020220065523,광학 필름 및 터치 패널이 부착된 표시 장치,20220527,G02B 5/02,4,3
1020220063422,기판 처리 장치 및 기판 처리 방법,20220524,H01L 21/67,4,8
1020220062640,산화물 반도체막 및 반도체 장치,20220523,H01L 29/04,8,0
1020220062672,반도체 장치,20220523,H01L 27/144,3,2
1020220061350,에칭 방법 및 에칭 장치,20220519,H01L 21/3213,7,1
1020220057632,연마 장치 및 연마 방법,20220511,B24B 37/013,4,10
1020220057637,"대형 합성 석영 유리 기판, 그리고 그의 평가 방법 및 제조 방법",20220511,C03C 3/06,2,2
1020220055302,"프리웨트 모듈, 탈기액 순환 시스템, 및 프리웨트 방법",20220504,C25D 21/08,5,14
1020220053218,압축기 유닛 및 압축기 유닛의 제어 방법,20220429,F04B 49/06,3,3
1020220052654,"게임 시스템, 게임 제어 장치, 프로그램 및 게임 제어 방법",20220428,A63F 13/55,4,6
1020220052655,"게임 시스템, 게임 제어 장치, 프로그램 및 게임 제어 방법",20220428,A63F 13/55,5,7
1020220052657,"게임 시스템, 게임 제어 장치, 프로그램 및 게임 제어 방법",20220428,A63F 13/55,4,8
1020220052660,"게임 시스템, 게임 제어 장치, 프로그램 및 게임 제어 방법",20220428,A63F 13/55,4,8
1020220050626,"발광 소자, 발광 장치, 표시 장치, 전자 기기 및 조명 장치",20220425,H10K 50/00,12,1
1020220048881,반도체 장치 및 그 제작 방법,20220420,H01L 29/786,1,5
1020220048053,반도체 장치 및 그의 제작 방법,20220419,H01L 29/786,2,0
1020220047444,기판 처리 장치,20220418,H01L 21/67,1,2
1020220047031,다이 본딩 장치 및 반도체 장치의 제조 방법,20220415,H01L 23/00,2,2
1020220046485,발광 장치,20220414,H01L 33/62,13,4
1020220044785,벌크 밀도가 높은 분말상 수용성 비이온성 셀룰로오스에테르의 제조 방법,20220411,C08B 11/20,1,4
1020220043723,다이싱·다이본드 필름 및 반도체 장치의 제조 방법,20220408,H01L 21/683,2,6
1020237001028,도금 장치 및 도금 방법,20220331,C25D 21/04,9,13
1020237021986,수소 결합 부위 함유 내유성 화합물,20220331,C08F 20/34,8,6
1020220037800,점착 시트,20220328,C09J 7/38,10,6
1020227038588,반도체 장치용 본딩 와이어,20220323,H01L 23/00,2,11
1020220035785,페라이트 가소체 및 페라이트 소결 자석의 제조 방법,20220323,H01F 1/10,3,15
1020220035258,발광 장치,20220322,H01L 29/786,3,5
1020220033389,"압축기 유닛, 스크루 압축기 및 압축기 유닛의 운전 방법",20220317,F17C 13/00,4,2
1020220032501,에칭 방법,20220316,H01L 21/306,1,8
1020227038585,반도체 장치용 본딩 와이어,20220316,H01L 23/00,2,11
1020220031359,"이온주입장치, 이온주입방법 및 빔계측장치",20220314,H01J 37/317,11,19
1020220031659,표시 장치 및 그 제조 방법,20220314,G02F 1/1368,2,2
1020220031201,"임프린트 장치, 물품 제조 방법, 및 성형 장치",20220314,G03F 7/00,9,16
1020227018886,무시안 전해 금 도금액,20220310,C25D 3/48,3,2
1020227041883,"크실릴렌디이소시아네이트 조성물, 광학 재료용 중합성 조성물, 수지, 성형체, 광학 소자 및 렌즈",20220309,C08G 18/76,6,5
1020220029475,"땜납 합금, 땜납 분말, 땜납 페이스트, 및 땜납 조인트",20220308,B23K 35/26,4,1
1020220028160,임프린트·리소그래피용 각형 기판 및 그의 제조 방법,20220304,B29C 33/38,5,9
1020227034117,폴리카르보네이트의 제조 장치의 조립 방법 및 폴리카르보네이트의 제조 장치,20220228,C08G 64/20,12,5
1020227044408,플렉시블 프린트 기판의 제조 방법,20220224,B05D 1/28,1,12
1020220022987,반도체용 기판 및 그의 제조 방법,20220222,H01L 27/12,1,6
1020220020740,반도체 장치,20220217,H01L 27/12,6,2
1020220020736,반도체 장치,20220217,H01L 27/12,3,0
1020220020538,"적층체의 박리 장치 및 박리 방법, 및 전자 디바이스의 제조 방법",20220217,B32B 43/00,6,3
1020227042552,"도금 장치, 및 도금 방법",20220216,C25D 5/02,5,2
1020220016760,반도체 장치 및 전자 기기,20220209,H03K 17/30,7,5
1020220016312,"규제 블레이드의 고정 방법, 현상 장치, 현상제 담지체 및 마그네트",20220208,G03G 15/09,6,77
1020220016072,"위치 검출 장치, 위치 검출 시스템, 위치 검출 방법 및 위치 검출 프로그램",20220208,G01B 7/00,14,7
1020220016350,"기록 장치, 제어 방법 및 저장 매체",20220208,B41J 2/165,18,27
1020220016159,에칭 방법 및 에칭 장치,20220208,H01L 21/3213,8,3
1020220015955,"이트륨 플루오라이드 분무된 코팅, 이를 위한 분무 물질, 및 분무된 코팅을 포함하는 내식성 코팅",20220208,C23C 4/04,3,0
1020227039872,도금 장치,20220207,C25D 17/00,5,2
1020220015305,"2차 전지용 양극, 2차 전지, 및 이들의 제조 방법",20220207,H01M 4/1397,1,7
1020227039396,도금 장치 및 도금 방법,20220131,C25D 17/00,5,6
1020220013578,EL 표시 장치,20220128,H01L 27/12,1,1
1020220012311,작업 차,20220127,G05D 1/02,4,17
1020220011206,세정 유닛 및 세정 약액 공급 장치,20220126,H01L 21/67,4,2
1020220005733,"기록 장치, 제어 방법 및 저장 매체",20220114,B41J 2/165,3,21
1020220005766,"상부 암 구동 회로, 전력 변환 장치의 구동 회로, 전력 변환 장치",20220114,H02M 7/5387,3,13
1020220002564,임프린트 장치 및 물품 제조 방법,20220107,G03F 7/00,4,8
1020220002760,"회계 처리 시스템, 쿠폰 관리 장치 및 그 제어 프로그램",20220107,G06Q 30/02,3,14
1020210193316,"수지 조성물, 수지 필름, 수지 필름의 제조 방법, 반도체 장치의 제조 방법 및 반도체 장치",20211230,C08G 59/42,5,6
1020210190573,반도체 기판의 제조 방법 및 당해 제조 방법으로 얻어지는 반도체 기판,20211229,H01L 21/321,2,4
1020210189337,"압축기 유닛, 압축기 유닛의 제어 프로그램이 기억된 기억 매체 및 압축기 유닛의 제어 방법",20211228,F04C 28/24,3,6
1020227025386,도금 장치의 메인터넌스 방법,20211220,C25D 21/18,3,4
1020210182652,"트랜지스터, 액정 표시 장치 및 그 제조 방법",20211220,G02F 1/1362,15,0
1020210182790,"기판 적재대, 기판 처리 장치 및 기판 처리 방법",20211220,H01L 21/683,7,5
1020210181366,무알칼리 유리,20211217,C03C 3/091,1,1
1020227030694,차아염소산수,20211216,C01B 11/04,1,1
1020210177383,"발광 소자, 발광 장치, 전자 기기, 및 조명 장치",20211213,H01L 51/50,2,3
1020210175723,반도체 제조 장치 및 반도체 장치의 제조 방법,20211209,H01L 21/67,2,10
1020210174590,반도체 장치 및 그의 제작 방법,20211208,H01L 29/786,1,3
1020227038372,점착제층 구비 필름,20211206,C09J 7/38,1,5
1020210172727,"기판 처리 장치, 장치 관리 컨트롤러 및 프로그램",20211206,H01L 21/67,5,20
1020210172726,산업용 로봇,20211206,B25J 11/00,3,3
1020227030856,도금 방법 및 도금 장치,20211206,C25D 21/10,3,8
1020210171484,"기판 홀더용의 기판 착탈부, 이것을 구비한 습식 기판 처리 장치, 기판 처리 장치 및 기판 반송 방법",20211203,H01L 21/677,2,2
1020210171631,전자 부품,20211203,H01G 4/012,3,7
1020210170948,"도전 입자, 이방 도전성 접착제, 접속 구조체 및 도전 입자의 제조 방법",20211202,H01B 1/00,9,14
1020210170569,산업용 로봇,20211202,B25J 15/02,3,5
1020237002959,"산화마그네슘 분말, 열전도성 필러, 수지 조성물 및 산화마그네슘 분말의 제조 방법",20211201,C01F 5/08,5,6
1020210168723,발광 장치,20211130,H01L 29/786,2,4
1020210168342,반도체 장치,20211130,G01C 3/08,2,1
1020210166540,잉크젯 기록 장치,20211129,B41J 2/175,1,14
1020210167082,"발광 소자, 발광 장치, 전자 기기, 및 조명 장치",20211129,H10K 50/00,5,12
1020210165187,임프린트 장치,20211126,B41J 2/045,2,8
1020237004194,"광학 적층체, 물품",20211126,G02B 1/115,5,2
1020210165490,"반도체 장치, 및 그 제작 방법",20211126,H01L 29/786,4,0
1020210164353,화상 가열 장치 및 화상 형성 장치,20211125,G03G 15/20,3,3
1020210162213,전기 특성을 도출하는 시스템 및 비일시적 컴퓨터 가독 매체,20211123,G01N 21/88,6,11
1020210155692,산업용 로봇,20211112,B25J 15/02,2,3
1020210153650,"유도 결합 플라즈마용 안테나 유닛, 유도 결합 플라즈마 처리 장치 및 유도 결합 플라즈마 처리 방법",20211110,H01J 37/32,4,8
1020210153591,"임프린트 장치, 임프린트 방법 및 물품 제조 방법",20211110,G03F 7/00,4,12
1020227015786,도금 장치,20211109,C25D 17/06,1,7
1020227016377,"폴리티올 조성물, 중합성 조성물, 수지, 성형체, 광학 재료 및 렌즈",20211109,C08G 18/38,8,3
1020237000875,도금 장치 및 도금 장치의 제조 방법,20211105,C25D 17/00,4,10
1020227041038,도금 장치 및 콘택트 세정 방법,20211104,C25D 21/08,6,5
1020227030958,도금 장치 및 기판 세정 방법,20211104,C25D 17/00,3,6
1020227039874,도금 장치 및 기판 세정 방법,20211104,C25D 21/08,2,9
1020210149346,연결 기구,20211103,H01L 21/304,8,4
1020210149458,산업용 로봇,20211103,B25J 17/02,2,7
1020210148021,산화물 반도체막 및 반도체 장치,20211101,H01L 29/04,9,0
1020227025385,도금 장치,20211028,C25D 17/00,2,10
1020210146002,제어 방법,20211028,G06F 3/12,2,14
1020227033794,도금 장치,20211028,C25D 17/00,2,3
1020210144166,접착제 조성물 및 접속체,20211027,C09J 201/00,5,4
1020210142508,세라믹 히터,20211025,H05B 3/74,2,5
1020210141726,회전 액추에이터 및 로봇,20211022,B25J 9/12,2,1
1020210141979,"게임 장치, 프로그램 및 게임 시스템",20211022,A63F 13/825,5,5
1020210139103,반도체 장치의 제조 방법,20211019,H01L 21/56,1,8
1020210139209,유기 EL 패널의 제조 방법,20211019,H10K 71/00,2,3
1020227029287,도금 처리 방법,20211018,C25D 21/04,1,4
1020227029289,도금 방법 및 도금 장치,20211018,C25D 21/08,9,4
1020210138488,마찰 교반 접합 장치 및 마찰 교반 접합 방법,20211018,B23K 20/12,2,12
1020210136274,산업용 로봇의 제어 장치,20211014,B25J 19/06,3,3
1020210136253,"수지 공급 방법, 수지 성형품의 제조 방법 및 수지 성형 장치",20211014,B29C 43/34,7,4
1020227042093,프리웨트 처리 방법,20211014,C25D 7/12,2,8
1020210135505,기판 세정 장치 및 기판 처리 장치,20211013,H01L 21/02,5,2
1020210133804,산업용 로봇,20211008,B25J 19/00,3,4
1020210132833,"평탄화 방법, 평탄화 시스템 및 물품 제조 방법",20211007,G03F 7/00,4,10
1020210132821,모터 구동 장치 및 냉동 기기,20211007,H02P 27/08,3,4
1020210130646,산업용 로봇,20211001,B25J 9/16,1,3
1020237016689,"폴리이미드 수지 전구체, 폴리이미드 수지, 금속장 적층판, 적층체 및 플렉시블 프린트 배선판",20211001,C08G 73/10,5,6
1020237013617,"예측 장치, 및 예측 방법",20210929,G01N 3/00,2,14
1020210128576,아크 트래킹 용접 방법 및 용접 장치,20210929,B23K 9/127,2,5
1020210128426,"산업용 로봇의 핸드, 산업용 로봇",20210929,B25J 11/00,3,4
1020227027989,도금 장치,20210928,C25D 17/00,1,4
1020210127649,화상 형성 장치 및 그의 제어 방법,20210928,B41J 29/38,3,20
1020210126997,압축기 유닛 및 압축기 유닛 제어용 프로그램,20210927,F04B 49/00,2,4
1020210127004,"구동 회로, 구동 회로의 제작 방법 및 구동 회로를 이용한 표시 장치",20210927,G09G 3/3283,2,1
1020227015224,도금 장치 및 린스 처리 방법,20210910,C25D 21/08,2,11
1020210120770,"위상 시프트 마스크 블랭크, 위상 시프트 마스크의 제조 방법, 및 위상 시프트 마스크",20210910,G03F 1/26,7,11
1020210120761,산업용 로봇,20210910,H01L 21/687,1,3
1020210119481,용접 방법,20210908,B23K 26/14,1,5
1020210118115,"핵 재료, 전자 부품 및 범프 전극의 형성 방법",20210906,B23K 35/26,4,2
1020210116834,반송 장치 및 반송 방법,20210902,H01L 21/677,3,8
1020210116277,θ 스테이지 기구 및 전자 빔 검사 장치,20210901,G01N 23/2204,2,8
1020210115257,Ga2O3계 단결정 기판,20210831,H01L 21/02,1,8
1020210112452,"위치 제어 장치, 위치 제어 방법, 및 초음파 영상 시스템",20210825,G01N 29/06,10,2
1020237008973,통신 기기용 부품,20210825,C08L 71/12,1,10
1020210111583,"통신 디바이스, 컴퓨터 판독가능 매체, 및 통신 시스템",20210824,H04L 9/08,4,7
1020210110813,에칭 방법,20210823,H01L 21/306,4,9
1020210110875,적층 코일 부품,20210823,H01F 17/04,1,4
1020210110214,적층 코일 부품,20210820,H01F 17/04,2,5
1020210109194,광학 측정 장치,20210819,G01J 3/02,5,2
1020210109379,기판 반송 시스템의 제어 방법 및 기판 반송 시스템,20210819,H01L 21/68,3,2
1020210108413,수지 성형 장치 및 수지 성형품의 제조 방법,20210818,B29C 43/18,3,7
1020210108711,상태 감시 장치 및 유체압 구동 장치,20210818,F15B 19/00,1,7
1020210107062,연마 장치 및 그 제어 방법 및 드레싱 조건 출력 방법,20210813,H01L 21/304,3,13
1020210106858,"실장 장치, 및 반도체 장치의 제조 방법",20210812,H01L 21/67,3,7
1020210105798,"다이 본딩 장치, 클리닝 헤드 및 반도체 장치의 제조 방법",20210811,H01L 21/67,3,18
1020210104565,다이 본딩 장치 및 반도체 장치의 제조 방법,20210809,H01L 21/67,13,10
1020210102324,화학 강화 유리,20210804,C03C 21/00,4,27
1020210102328,이에프이엠,20210804,H01L 21/677,2,3
1020210102398,수지 성형 장치 및 수지 성형품의 제조 방법,20210804,B29C 45/02,6,5
1020210101849,시트 공급 장치 및 프린트 장치,20210803,B41J 15/04,10,13
1020210101727,"다이 플레이트, 수지 기계 및 다이 플레이트의 노즐 가열 방법",20210803,B29C 48/86,12,6
1020210098965,땜납 합금,20210728,B23K 35/26,4,1
1020210099085,다이 본딩 장치 및 반도체 장치의 제조 방법,20210728,H01L 21/67,7,11
1020210098324,"게임 지원 시스템, 프로그램, 및 정보 통신 단말기",20210727,A63F 13/65,8,11
1020210096239,"플라스마 CVD 장치, 및 필름의 제조 방법",20210722,C23C 16/511,4,12
1020210094540,낚싯대 부속품용 부속품 고정구 및 부속품 고정 방법,20210720,A01K 87/04,3,14
1020210094647,"소켓, 소켓 유닛, 검사 지그 및 검사 지그 유닛",20210720,G01R 1/04,8,7
1020210094589,"용사 피막, 용사 피막의 제조 방법, 용사 부재 및 용사 재료",20210720,C23C 4/04,5,0
1020210092595,치과용 국소 마취액,20210715,A61K 31/573,2,4
1020210091509,카메라 모듈,20210713,H04N 5/232,6,7
1020210090801,"발광 소자, 발광 장치, 표시 장치, 전자 기기 및 조명 장치",20210712,H10K 50/00,4,9
1020210090280,"플랜트 제어 장치, 압연 제어 장치, 플랜트 제어 방법 및 플랜트 제어 프로그램",20210709,B21B 37/18,4,4
1020210089492,"통신 단말기, 통신 단말기의 제어 방법 및 저장 매체",20210708,H04W 4/80,2,23
1020210089491,"통신 단말기, 통신 단말기의 제어 방법 및 저장 매체",20210708,H04W 4/80,2,23
1020210088873,"불화이트륨 용사 재료 및 옥시불화이트륨 성막 부품, 및 그들의 제조 방법",20210707,C23C 4/10,2,2
1020210088980,표시 방법 및 기판 처리 장치,20210707,G05B 23/02,2,4
1020210088263,"상부 암 구동 회로, 상부 암 구동 회로의 제어 방법",20210706,H02M 7/5387,6,10
1020210088219,패턴 검사 장치 및 패턴의 윤곽 위치 취득 방법,20210706,G01B 11/24,2,12
1020210088404,기판 반송 시스템 및 기판 반송 방법,20210706,H01L 21/67,4,7
1020210088385,동역학 토크 보상에 기초하는 제어 방법 및 제어 장치,20210706,G05B 19/404,2,14
1020227020092,"열경화성 수지 조성물, 커버레이 필름, 접착 시트 및 플렉시블 프린트 배선판",20210705,C08L 63/00,4,4
1020210087160,발광 장치,20210702,H01L 29/786,2,4
1020210086318,산업용 로봇,20210701,B25J 9/16,3,2
1020210085381,"정보 처리 장치, 정보 처리 방법 및 프로그램",20210630,G06F 3/0484,3,17
1020237002778,진동 요법 시스템 및 장치,20210629,A61H 23/02,3,17
1020210084544,다결정 실리콘 제조 장치,20210629,C01B 33/035,4,3
1020210083028,진공 처리 장치 및 진공 처리 장치의 제어 방법,20210625,H01L 21/687,6,8
1020210083017,용량 센서 및 용량 센서의 제조 방법,20210625,G01N 27/22,5,1
1020210082025,낚싯대끝 보호구 및 이를 포함하는 낚싯대,20210624,A01K 87/00,4,6
1020227015629,"땜납 합금, 솔더 페이스트, 땜납 볼, 솔더 프리폼, 땜납 이음, 차량 탑재 전자 회로, ECU 전자 회로, 차량 탑재 전자 회로 장치, 및 ECU 전자 회로 장치",20210622,B23K 35/26,10,1
1020210079895,절단 장치 및 절단품의 제조 방법,20210621,B24B 49/02,2,6
1020210079206,플라스마 처리 장치,20210618,H01J 37/32,4,5
1020227039060,도금 장치 및 도금 방법,20210618,C25D 17/00,13,6
1020227015787,저항체 및 도금 장치,20210617,C25D 17/00,2,8
1020210078541,수지 성형 장치 및 수지 성형품의 제조 방법,20210617,B29C 43/58,5,4
1020210077329,반도체 장치,20210615,H01L 29/786,6,1
1020210077287,안전 캐비닛,20210615,B01L 1/02,3,12
1020227029391,도금 장치,20210611,C25D 21/10,6,5
1020227029232,도금 장치,20210604,C25D 21/12,5,10
1020210071414,"반도체 장치, 표시 장치, 및 전자 기기",20210602,H01L 29/786,2,0
1020210071426,"제전성 수지 조성물, 제전성 수지 조성물의 제조 방법 및 전자 부품 포장재",20210602,C08L 53/02,8,2
1020210070723,열전대 가이드 및 세라믹 히터,20210601,H05B 3/14,1,9
1020227011285,프리웨트 모듈 및 프리웨트 방법,20210531,C25D 17/00,6,6
1020210068922,에칭 방법 및 기판 처리 장치,20210528,H01L 21/3213,3,5
1020210068037,축전 디바이스용 세퍼레이터 및 그의 제조 방법,20210527,H01M 50/489,7,6
1020210067927,"기판 처리 장치, 열전대 및 절연 부재",20210526,H01L 21/324,6,21
1020210066642,"수지 재료 공급 장치, 수지 성형 장치 및 수지 성형품의 제조 방법",20210525,B29C 31/06,5,2
1020210064620,"기판 처리 장치, 장치 관리 컨트롤러 및 프로그램",20210520,H01L 21/67,4,14
1020210064626,검사 장치 및 검사 방법,20210520,G01R 31/28,4,4
1020210064105,플랜트 제어 장치 및 플랜트 제어 방법,20210518,B21B 37/58,2,6
1020227045640,타플루프로스트의 정제 방법,20210518,C07C 405/00,12,8
1020210063215,"기판 처리 장치와 그 제조 방법, 및 배기 구조",20210517,H01L 21/67,10,4
1020237020951,방현 필름 및 화상 표시 장치,20210514,G02B 1/11,2,12
1020210061915,기판 반송 장치 및 기판 파지 판정 방법,20210513,H01L 21/677,2,6
1020210060681,표시 장치 및 그 제조 방법,20210511,G02F 1/1368,3,0
1020210060592,"연접 처리 용기, 기판 처리 시스템 및 기판 처리 방법",20210511,H01L 21/67,8,7
1020210059885,표시장치 및 전자기기,20210510,H01L 51/52,2,11
1020210058454,성막 방법 및 성막 장치,20210506,H01L 21/768,4,7
1020210057123,반도체 장치,20210503,G01C 3/08,6,0
1020210056364,"구리 합금 잉곳, 구리 합금박, 및 구리 합금 잉곳의 제조 방법",20210430,C22C 9/00,4,3
1020210052263,터미널 태클용 연결구,20210422,A01K 91/03,3,5
1020227036727,레어 메탈염의 회수 방법,20210421,C22B 26/12,11,17
1020210051608,작업차의 머플러 장치 및 작업차,20210421,E02F 9/08,5,4
1020210050295,공기 조화 시스템 및 제어 방법,20210419,F24F 11/84,5,6
1020227040809,광학 부재용 점착 테이프,20210419,C09J 7/29,1,9
1020210048344,EUV 리소그래피용 반사형 마스크 블랭크,20210414,G03F 1/24,8,9
1020210048387,"구동 제어 장치, 구동 제어 방법 및 구동 제어 프로그램",20210414,H04N 23/60,5,13
1020210046999,반도체 장치,20210412,H01L 29/786,13,1
1020210047023,압축기 유닛,20210412,F04B 49/00,2,3
1020210046234,포토마스크 블랭크,20210409,G03F 1/32,7,7
1020210044979,멀티 하전 입자 빔 조사 장치 및 멀티 하전 입자 빔 검사 장치,20210407,H01J 37/147,2,10
1020217036530,결정화 유리 및 화학 강화 유리,20210407,C03C 10/00,2,8
1020210044675,"하프톤 위상 시프트 마스크 블랭크의 제조 방법, 하프톤 위상 시프트 마스크 블랭크, 하프톤 위상 시프트 마스크 및 포토마스크 블랭크용 박막 형성 장치",20210406,G03F 1/32,2,5
1020210043799,"공액 디엔계 중합체 및 그의 제조 방법, 그리고 고무 조성물",20210405,C08F 236/14,4,7
1020210042793,반도체 장치 및 전자 장치,20210401,H01L 27/108,11,18
1020227038206,기판 처리 방법 및 기판 처리 장치,20210401,H01L 21/02,2,13
1020210040840,"공액 디엔계 중합체, 공액 디엔계 중합체의 제조 방법, 공액 디엔계 중합체 조성물, 및 고무 조성물",20210330,C08F 236/10,4,9
1020210040864,입력 디바이스,20210330,A63F 13/24,5,5
1020210040197,"제어 밸브, 취득 장치, 취득 방법 및 취득 프로그램",20210329,F15B 19/00,7,14
1020210040151,기록 장치,20210329,B41J 2/01,3,25
1020210039314,"유량 제어 장치, 유량 제어 방법 및 컴퓨터 판독 가능한 기록 매체",20210326,G05D 7/01,5,14
1020210038732,반도체 장치 및 그의 제작 방법,20210325,H01L 29/786,5,0
1020210038405,세라믹 히터 및 그 제법,20210325,H01L 21/67,9,3
1020227036909,플럭스 및 솔더 페이스트,20210325,B23K 35/36,3,11
1020217029052,"보호 필름, 폴더블 디바이스, 및 롤러블 디바이스",20210324,C08J 7/044,16,11
1020210036406,세정용 플럭스 및 세정용 솔더 페이스트,20210322,B23K 35/36,2,2
1020210035629,연마 방법 및 연마 장치,20210319,B24B 37/015,6,10
1020210035984,표시 장치,20210319,H01L 27/32,1,7
1020210036253,"가스 공급 노즐, 기판 처리 장치, 반도체 장치의 제조 방법 및 프로그램",20210319,H01L 21/02,10,21
1020210035668,"기판 처리 시스템, 기판 처리 방법, 및 제어 장치",20210319,C23C 16/52,3,17
1020227028542,"적층 접합 재료, 반도체 패키지 및 파워 모듈",20210319,H01L 23/00,14,21
1020210035295,포고 블록,20210318,G01R 1/073,2,7
1020227037352,"불융화 폴리페닐렌에테르 섬유, 불융화 폴리페닐렌에테르 성형체, 탄소 섬유, 활성 탄소 섬유, 탄소 섬유 성형체, 활성 탄소 섬유 성형체, 및 그의 제조 방법",20210318,D01F 9/24,10,5
1020210033926,기판 적재대 및 기판 처리 장치,20210316,H01L 21/687,3,3
1020210033733,"제어 시스템, 제어 방법 및 기판 처리 장치",20210316,H01L 21/67,5,5
1020210033235,압축기 유닛의 정지 제어 방법 및 압축기 유닛,20210315,F04B 49/03,2,3
1020210033168,다이 본딩 장치 및 반도체 장치의 제조 방법,20210315,H01L 21/67,4,21
1020227002528,작업 차량,20210312,B60T 13/68,3,4
1020210031750,성막 방법 및 성막 장치,20210311,H01L 21/02,2,7
1020210031266,기판 처리 장치,20210310,H01L 21/304,11,34
1020210031137,"화합물, 광경화성 조성물, 경화막, 및 유기 EL 소자",20210310,C07F 7/00,5,0
1020217037948,도금 장치 및 도금 방법,20210310,C25D 17/00,4,18
1020217040946,도금 장치 및 기포 제거 방법,20210310,C25D 21/10,2,11
1020227032379,"땜납 합금, 땜납 볼 및 땜납 조인트",20210310,B23K 35/26,6,3
1020227004039,심초 굴착기,20210309,E02F 3/413,1,5
1020210030130,다이 본딩 장치 및 반도체 장치의 제조 방법,20210308,H01L 21/67,6,9
1020227011235,도금 모듈을 조정하는 방법,20210305,C25D 21/12,6,14
1020210028766,다이 본딩 장치 및 반도체 장치의 제조 방법,20210304,H01L 21/67,10,13
1020210028568,탈지로 및 탈지 방법,20210304,C04B 35/638,14,0
1020210028028,"상태 추정 장치, 제어 밸브, 상태 추정 프로그램 및 상태 추정 방법",20210303,F01L 1/344,8,10
1020210027853,보냉 백 및 절첩 가능한 보냉 백,20210303,B65D 81/38,9,8
1020210028019,"상태 추정 장치, 제어 밸브, 상태 추정 프로그램 및 상태 추정 방법",20210303,F01L 1/344,15,15
1020237008184,"기판 홀더, 도금 장치 및 도금 장치의 제조 방법",20210303,C25D 17/06,6,4
1020210028032,"상태 추정 장치, 제어 밸브, 상태 추정 프로그램 및 상태 추정 방법",20210303,F01L 1/344,15,13
1020210028016,"상태 추정 장치, 제어 밸브, 상태 추정 프로그램 및 상태 추정 방법",20210303,F01L 1/344,14,12
1020210027498,판의 박리 방법,20210302,B65H 41/00,2,3
1020210025433,"위치 결정 장치, 위치 결정 방법, 수지 성형 시스템, 및 수지 성형품의 제조 방법",20210225,B29C 43/58,4,2
1020210025437,"수지 성형품의 제조 방법, 수지 성형 장치",20210225,B29C 43/58,3,3
1020217039572,도금 장치 및 도금 장치의 기포 제거 방법,20210225,C25D 17/06,4,8
1020210025507,기판 처리 방법 및 기판 처리 장치,20210225,H01L 21/311,2,12
1020210024874,"퍼지 노즐 유닛, 적재대, 로드 포트 및 스토커",20210224,H01L 21/673,6,0
1020210024557,다이 본딩 장치 및 반도체 장치의 제조 방법,20210224,H01L 21/67,3,15
1020210023954,증착 마스크 유닛의 제작 방법,20210223,C23C 14/04,3,17
1020210023793,"서버 디바이스, 통신 시스템, 및 비일시적 컴퓨터 판독가능 기록 매체",20210223,H04N 21/63,3,7
1020210023211,반도체 장치,20210222,H01L 29/786,6,0
1020210023081,기판의 도금에 사용되는 산화구리 분체,20210222,C25D 3/38,1,2
1020227033601,기판 처리 방법 및 기판 처리 장치,20210222,H01L 21/02,2,6
1020217035358,도금 장치,20210222,C25D 21/10,2,2
1020210023102,"서버 디바이스, 정보 처리 방법, 및 비일시적 컴퓨터 판독가능 기록 매체",20210222,H04N 21/63,3,6
1020227034653,"땜납 합금, 땜납 분말, 솔더 페이스트, 땜납 볼, 솔더 프리폼 및 땜납 이음",20210219,B23K 35/26,18,8
1020227035027,"땜납 합금, 땜납 분말, 솔더 페이스트, 땜납 볼, 솔더 프리폼 및 땜납 이음",20210219,B23K 35/26,17,25
1020210022548,검사 장치,20210219,G01R 31/28,4,4
1020210021771,"전자사진용 회전가능 가압체 및 그 제조 방법, 및 정착 장치",20210218,G03G 15/20,4,4
1020210020947,"반도체 장치의 제조 방법, 기판 처리 장치 및 기록 매체",20210217,H01L 21/02,3,14
1020210021112,"제어 장치, 로봇, 학습 장치, 로봇 시스템 및 방법",20210217,B25J 13/08,17,4
1020210019312,"불화이트륨 용사 재료 및 옥시불화이트륨 성막 부품, 및 그들의 제조 방법",20210210,C23C 4/10,1,1
1020210019115,안테나 세그먼트 및 유도 결합 플라스마 처리 장치,20210210,H01J 37/32,2,5
1020210018794,전기 회로 차단 장치,20210210,H01H 39/00,2,2
1020210019118,유도 결합 안테나 및 플라스마 처리 장치,20210210,H01J 37/32,5,3
1020210018066,"물고기 낚시용 릴, 제동력 제어 시스템 및 제동력 설정 장치",20210209,A01K 89/0155,5,2
1020210018064,어깨 벨트를 갖는 낚시용 가방,20210209,A01K 97/20,6,3
1020227031749,"납 프리 또한 안티몬 프리의 땜납 합금, 땜납 볼 및 땜납 이음",20210208,B23K 35/26,5,6
1020227031751,"납 프리 또한 안티몬 프리의 땜납 합금, 땜납 볼 및 땜납 이음",20210208,B23K 35/26,6,4
1020217027248,폴리아민 화합물의 제조 방법 및 그의 응용,20210205,C08G 18/83,25,7
1020217027249,"티오우레탄 수지 원료의 제조 방법 및 그의 응용, 폴리티올 조성물의 제조 방법 및 그의 응용, 그리고 폴리티올 조성물",20210205,C08J 11/10,14,23
1020227028505,공중합체,20210204,C08F 210/02,1,5
1020210015109,낚시용 루어,20210203,A01K 85/16,2,8
1020210014577,"제거 기구, 수지 성형 장치 및 제조 방법",20210202,H01L 21/67,3,3
1020227015869,감광성 수지 조성물 및 화상 표시 장치,20210202,G03F 7/004,3,6
1020210014580,"유압 서보 밸브의 제어 장치, 유압 서보 밸브의 제어 방법, 유압 서보 밸브의 제어 프로그램",20210202,F15B 13/04,9,5
1020210014603,발수 제품 및 발수 제품을 제조하는 방법,20210202,A44B 19/32,3,4
1020210012793,폴리이미드 전구체 조성물 및 폴리이미드 필름/기재 적층체,20210129,C08G 73/18,9,7
1020210012184,반도체 장치 및 그 제작 방법,20210128,H01L 29/786,5,4
1020210011309,선박,20210127,B63H 25/04,45,12
1020210011324,세라믹 히터 및 열전대 가이드,20210127,H01L 21/687,6,6
1020210011235,증착 마스크의 제조 방법 및 제조 장치,20210127,C23C 14/04,6,10
1020210011320,세라믹 히터,20210127,H01L 21/687,7,4
1020210011322,세라믹 히터,20210127,H05B 3/14,6,1
1020210010712,점착 시트,20210126,C09J 7/20,1,11
1020210010608,"적층 기판, 적층체의 제조 방법, 적층체, 전자 디바이스용 부재 구비 적층체, 전자 디바이스의 제조 방법",20210126,C03C 17/34,11,2
1020210009923,키 제어 장치 및 선박,20210125,B63H 25/04,4,13
1020210009884,성막 방법,20210125,C23C 16/455,1,12
1020210009926,연료 제어 장치 및 키 제어 장치,20210125,F02D 29/02,5,15
1020210009943,"모터 제어 방법, 모터 구동 장치, 산업용 로봇의 제어 방법 및 산업용 로봇",20210125,H02P 21/14,4,13
1020210009920,표면 보호 필름,20210125,C09J 7/22,3,4
1020210008941,발광 소자,20210121,H01L 51/50,6,6
1020210008611,"발광 소자, 발광 장치, 전자 기기, 및 조명 장치",20210121,H01L 51/50,2,8
1020217034719,도금 장치 및 기판의 막 두께 측정 방법,20210120,C25D 21/12,2,2
1020210007883,"모터 제어 방법, 모터 구동 장치, 산업용 로봇의 제어 방법 및 산업용 로봇",20210120,H02P 21/00,8,5
1020210007487,"방향성 결합기, 기판을 처리하는 장치 및 기판을 처리하는 방법",20210119,H01J 37/32,3,13
1020210006582,검사 소켓,20210118,G01R 1/04,4,2
1020210005940,반도체 장치,20210115,G09G 3/36,1,4
1020210005957,"모터 제어 장치, 다이 본딩 장치 및 반도체 장치의 제조 방법",20210115,H02P 5/46,3,12
1020210005447,영농 시스템 및 농작업기,20210114,G06Q 50/02,1,2
1020210005014,"모터 제어 방법, 모터 구동 장치, 산업용 로봇의 제어 방법 및 산업용 로봇",20210114,B25J 9/16,7,1
1020210005259,"다이 본딩 장치, 반도체 장치의 제조 방법, 및 박리 장치",20210114,H01L 21/67,11,8
1020210004633,"발광 소자, 발광 장치, 표시 장치, 전자 기기 및 조명 장치",20210113,H01L 51/50,2,10
1020210004631,"연료 공급 제어 장치, 연료 공급 제어 방법 및 연료 공급 제어 프로그램을 기록한 기록 매체",20210113,B63H 21/38,4,4
1020210003802,기판 처리 방법 및 기판 처리 장치,20210112,H01L 21/311,4,2
1020210003869,플럭스 및 솔더 페이스트,20210112,B23K 35/362,17,4
1020210002310,측정 장치 및 성막 장치,20210108,G01N 21/47,2,6
1020210001923,"기판 홀더용의 기판 착탈부, 이것을 구비한 습식 기판 처리 장치, 기판 처리 장치 및 기판 반송 방법",20210107,H01L 21/677,3,10
1020210001880,"반도체 장치, 표시 장치, 및 전자 기기",20210107,H01L 29/786,12,5
1020227022406,의료 디바이스의 제조 방법,20210106,A61L 27/34,1,11
1020210001228,기판 처리 장치 및 처리 방법,20210106,H01L 21/304,3,11
1020210001305,반도체 장치 및 전자 기기,20210106,H03K 17/30,7,0
1020210000285,어레이 안테나 및 플라스마 처리 장치,20210104,H01J 37/32,3,4
1020200186086,기판의 위치 어긋남 검출 방법 및 기판의 위치 어긋남 검출 장치,20201229,H01L 21/67,14,2
1020227011284,기판의 접액 방법 및 도금 장치,20201228,C25D 17/06,6,6
1020227009431,도금 장치,20201228,C25D 21/04,8,6
1020217033247,도금 장치 및 도금 장치의 동작 제어 방법,20201228,H01L 21/67,3,5
1020227009813,"도금 장치, 도금 장치의 제어 방법",20201225,C25D 17/06,6,8
1020200183210,반도체 장치 및 반도체 장치의 제작 방법,20201224,H01L 29/786,6,0
1020200183669,패스너 스트링거 및 패스너 체인의 제조 방법,20201224,D06P 5/02,2,8
1020217033189,도금 장치 및 도금 처리 방법,20201223,C25D 17/08,6,4
1020217031722,인화 인듐 기판,20201223,C30B 29/40,6,5
1020200180570,하전 입자 빔 검사 장치 및 하전 입자 빔 검사 방법,20201222,H01J 37/147,4,16
1020217034766,"도금 장치, 프리웨트 처리 방법 및 세정 처리 방법",20201222,C25D 5/08,3,7
1020217031345,도금 장치 및 도금액의 교반 방법,20201221,C25D 21/10,2,5
1020227025199,"세정 장치, 연마 장치, 세정 장치에 있어서 기판의 회전 속도를 산출하는 장치 및 방법",20201221,H01L 21/67,13,9
1020200177998,복합 반투막,20201218,B01D 69/12,1,10
1020200177999,복합 반투막,20201218,B01D 69/12,2,2
1020227016851,폴리머 조성물의 제조 방법,20201218,C08F 2/44,1,7
1020200177355,수소 가스 혼합 장치,20201217,B01F 23/10,4,4
1020200177345,수소 가스 혼합 장치,20201217,B01F 23/10,2,2
1020200175201,낚시용 걸이구 및 이를 포함하는 낚싯대,20201215,A01K 87/00,2,8
1020200175274,"절단 방법, 절단 장치 및 적층체",20201215,B26F 1/44,14,10
1020227015871,반도체 가공용 테이프,20201215,C09J 7/38,1,7
1020200174275,"플랜트 제어 장치 및 그의 제어 방법, 압연기 제어 장치 및 그의 제어 방법 그리고 프로그램",20201214,G05B 13/02,4,10
1020227024286,성막 방법 및 성막 장치,20201214,H01L 21/32,9,3
1020227020117,다층막을 갖는 투명 기체,20201211,B32B 7/023,3,9
1020217033161,"도금 장치, 및 기판 홀더 조작 방법",20201209,C25D 17/00,7,9
1020217039574,도금 장치 및 도금 처리 방법,20201208,C25D 21/04,3,8
1020200170396,기판 처리 장치 및 적재대,20201208,C23C 16/458,4,4
1020200170061,"분지화 공액 디엔계 중합체의 제조 방법, 분지화 공액 디엔계 중합체, 고무 조성물의 제조 방법 및 타이어의 제조 방법",20201208,C08F 236/10,7,13
1020200167354,연마 방법 및 연마 장치,20201203,B24B 37/04,8,14
1020217038150,고내열성 아나타아제형 산화티타늄 및 그 제조 방법,20201202,C01G 23/08,2,11
1020217018517,광학 필름의 펀칭 장치 및 필름 제품의 제조 방법,20201201,B65H 35/00,2,7
1020200164367,"금속 수지 복합 재료의 성형 방법, 그리고 금속 수지 복합 부품 및 그 제조 방법",20201130,B29C 43/36,3,14
1020200163993,낚시용 릴,20201130,A01K 89/015,8,3
1020200163999,"제동 장치, 낚싯줄 길이 계측 장치 및 이들을 구비한 낚시용 릴",20201130,A01K 89/0155,5,6
1020200160667,HEVC 비디오 코딩에서 논리 화상내 모드 명칭부여,20201126,H04N 19/11,2,0
1020200159533,수지 성형품의 제조 방법 및 수지 성형 장치,20201125,B29C 45/02,7,1
1020200160243,"반도체 장치, 및 그 제작 방법",20201125,H01L 29/786,4,0
1020200159537,"수지 성형 장치, 수지 성형품의 제조 방법",20201125,B29C 43/36,3,6
1020200159791,성막 방법 및 처리 장치,20201125,H01L 21/02,8,2
1020217026212,반도체 가공용 테이프,20201124,C09J 7/38,3,3
1020200157894,다이 본딩 장치 및 반도체 장치의 제조 방법,20201123,H01L 21/67,4,11
1020227018675,"얼룩 평가 방법, 수적 평가 방법, 발제 평가 방법 및 발제 평가 장치",20201118,G01N 13/00,6,7
1020200153577,적재대 및 검사 장치,20201117,G01R 31/28,2,5
1020200153613,적재대 및 검사 장치,20201117,G01R 31/28,7,3
1020200152538,증착 마스크 및 그 제조 방법,20201116,C23C 14/04,4,9
1020217027515,"플레이트, 도금 장치 및 플레이트의 제조 방법",20201116,C25D 17/00,7,8
1020227012583,플레이트 및 도금 장치,20201116,C25D 17/00,4,4
1020200152685,기판 세정 장치 및 기판 세정 방법,20201116,H01L 21/67,6,10
1020200151735,절단 장치 및 절단품의 제조 방법,20201113,H01L 21/67,5,2
1020217039013,반도체 장치용 Ag 합금 본딩 와이어,20201112,H01L 23/00,1,4
1020217015134,"예지 보전 판정 장치, 예지 보전 판정 방법 및 기억 매체",20201112,G01M 13/021,13,1
1020200150199,트랜지스터,20201111,G09G 3/34,9,3
1020200150255,인쇄 장치 및 인쇄 장치 제어 방법,20201111,B41J 29/393,2,9
1020200149098,전자 부품,20201110,H01F 27/02,1,2
1020227015121,"감광성 수지 조성물, 감광성 수지 시트, 중공 구조체, 경화물, 중공 구조체의 제조 방법, 전자 부품 및 탄성파 필터",20201110,C08F 283/04,8,14
1020217009228,"발수 발유제 조성물, 발수 발유 처리 방법, 및 발수 발유성 섬유",20201104,C09K 3/18,6,9
1020200145742,반도체 장치,20201104,H01L 23/498,8,6
1020200145485,반도체 장치 및 그 제작 방법,20201103,H01L 27/12,2,0
1020227018375,안테나 커버용 기재,20201102,H01Q 1/42,5,12
1020200141926,플라스마 처리 장치 및 플라스마 처리 방법,20201029,H01J 37/32,6,7
1020227024572,"화합물, 유기 박막 발광 소자, 표시 장치 및 조명 장치",20201028,C07D 401/14,6,8
1020200141085,증착 장치 및 표시 장치의 제작 방법,20201028,H10K 71/00,18,6
1020200139989,가스 공급 방법 및 기판 처리 장치,20201027,H01L 21/67,2,8
1020200139545,콤바인,20201026,A01D 41/127,1,0
1020200138160,광학 필름 및 광학 필름의 제조 방법,20201023,C08J 5/18,3,4
1020217002221,"비수계 이차 전지 전극, 전극 슬러리 및 비수계 이차 전지",20201022,H01M 4/62,4,11
1020217008377,"비수계 이차 전지 전극 바인더, 및 비수계 이차 전지 전극",20201022,H01M 4/62,3,9
1020200137485,기억 장치 및 반도체 장치,20201022,H01L 27/108,2,1
1020200135165,"세정 모듈, 절단 장치 및 절단품의 제조 방법",20201019,H01L 21/67,12,3
1020200135067,"거리 측정 장치, 거리 측정 시스템",20201019,G01C 3/08,2,1
1020200135156,절단 장치 및 절단품의 제조 방법,20201019,H01L 21/677,5,3
1020200133904,산업용 로봇의 핸드 및 산업용 로봇,20201016,B25J 15/00,4,4
1020200134131,제어 방법 및 플라스마 처리 장치,20201016,H01J 37/32,2,5
1020227010395,시공 지원 시스템 및 작업 기계,20201013,E02F 3/43,2,7
1020200129963,"수지 재료 공급 장치, 수지 성형 장치, 및 수지 성형품의 제조 방법",20201008,B29C 31/04,5,4
1020200129277,수지 성형 장치 및 수지 성형품의 제조 방법,20201007,B29C 43/36,3,1
1020200128574,"수지 공급 기구, 수지 성형 장치 및 수지 성형품의 제조 방법",20201006,B29C 31/04,5,4
1020200128494,반도체 장치의 제조 방법,20201006,H01L 21/3065,4,1
1020200128495,"광학 필름, 그 제조 방법 및 편광판",20201006,G02B 1/14,3,4
1020217034108,"핵 재료, 전자 부품 및 범프 전극의 형성 방법",20200930,C22C 13/02,8,1
1020200126950,공중선 추출 시스템 및 공중선 추출 방법,20200929,G06T 19/00,5,6
1020217025973,작업 기계,20200929,E02F 9/22,1,1
1020217027971,작업 기계,20200928,E02F 3/43,1,5
1020200124528,블라인드 레거시 비디오 아티팩트 감소,20200925,H04N 5/21,9,12
1020217025971,작업 기계,20200925,E02F 9/20,1,6
1020200123772,베이퍼 챔버용 티타늄 구리 합금판 및 베이퍼 챔버,20200924,C22C 9/00,4,5
1020200123768,베이퍼 챔버용 티타늄 구리 합금판 및 베이퍼 챔버,20200924,C22C 9/00,4,4
1020200122819,"하프톤 위상 시프트형 포토마스크 블랭크, 그의 제조 방법 및 하프톤 위상 시프트형 포토마스크",20200923,G03F 1/32,4,8
1020217025970,작업 기계,20200923,E02F 3/43,2,4
1020200122106,HEVC 비디오 코딩에서 논리 화상내 모드 명칭부여,20200922,H04N 19/11,2,0
1020200121377,성막 방법,20200921,C23C 16/04,9,7
1020227012648,폴리이미드 전구체 조성물 및 플렉시블 전자 디바이스의 제조 방법,20200918,C08G 73/10,6,11
1020200120235,기판 처리 방법 및 기판 처리 장치,20200918,H01L 21/3213,4,5
1020200120248,성막 방법 및 성막 장치,20200918,H01L 21/3205,2,9
1020227012317,성막 방법,20200916,H01L 21/32,1,9
1020227012175,성막 방법,20200916,H01L 21/32,6,3
1020200118912,전자 발생 장치 및 전리 진공계,20200916,H01J 29/48,4,8
1020227012312,성막 방법 및 성막 장치,20200915,H01L 21/32,2,7
1020200117572,플랜트 제어 장치 및 플랜트 제어 방법,20200914,B21B 37/48,3,5
1020227000285,비수계 전해액 및 비수계 이차 전지,20200911,H01M 10/0567,6,19
1020227037110,비수계 전해액 및 비수계 이차 전지,20200911,H01M 10/0569,5,12
1020200116612,와이어 본딩 장치 및 와이어 본딩 방법,20200911,H01L 23/00,6,7
1020227008404,적층체,20200910,B32B 7/12,2,11
1020217036407,연신 장치의 클립 이동 속도 계측 장치 및 클립 이동 속도 계측 방법,20200910,B29C 55/20,4,5
1020200115356,플라스마 처리 장치 및 플라스마 처리 방법,20200909,H01J 37/32,7,7
1020200115589,하프톤 위상 시프트형 포토마스크 블랭크 및 그의 제조 방법,20200909,G03F 1/32,1,1
1020200114715,증착 마스크 및 증착 마스크의 제조 방법,20200908,C23C 14/04,2,17
1020217025265,작업 기계,20200908,E02F 3/43,2,6
1020200113584,에칭 장치 및 에칭 방법,20200907,H01L 21/67,6,9
1020200113130,"반도체 제조 장치, 및 반도체 장치의 제조 방법",20200904,H01L 21/67,2,11
1020217026484,작업 기계,20200904,E02F 3/43,1,8
1020200112725,"광학 필름, 편광판 및 유기 EL 표시 장치",20200904,C08J 5/18,6,2
1020200112236,다이 본딩 장치 및 반도체 장치의 제조 방법,20200903,H01L 21/67,12,8
1020227001102,유압 유닛,20200902,F15B 20/00,5,2
1020200111635,다이 본딩 장치 및 반도체 장치의 제조 방법,20200902,H01L 21/67,8,9
1020200111415,"플랜지 단부면 수정 장치, 절단 장치, 플랜지 단부면 수정 방법 및 절단품의 제조 방법",20200902,B24B 9/06,6,5
1020200111042,콘덴서 및 에칭 방법,20200901,H01L 49/02,3,6
1020200111046,콘덴서,20200901,H01L 49/02,6,6
1020200110765,멀티 하전 입자 빔 평가 방법 및 멀티 하전 입자 빔 묘화 장치,20200901,H01J 37/304,4,13
1020200109064,플라스마 처리 장치 및 제어 방법,20200828,H01J 37/32,7,8
1020227009627,솔더 페이스트,20200828,B23K 35/26,2,1
1020217002225,전극 바인더용 공중합체 및 리튬 이온 이차 전지,20200828,C08F 220/56,4,10
1020200109177,볼 스크류용 세그먼트화된 스프링,20200828,F16H 25/22,5,15
1020227006041,사출 성형 방법,20200826,B29C 45/00,1,9
1020200107042,멀티 하전 입자 빔 묘화 장치,20200825,G03F 1/20,1,9
1020200106811,보행형 관리기,20200825,A01B 33/08,2,9
1020200105968,"플라스마 프로브 장치, 플라스마 처리 장치 및 제어 방법",20200824,H01J 37/32,8,8
1020200105090,필름 롤 및 그의 제조 방법,20200821,B65H 18/28,2,7
1020200105216,포지티브형 감광성 수지 조성물,20200821,G03F 7/075,6,3
1020200105284,낚싯줄 가이드 및 낚싯줄 가이드를 포함하는 낚싯대,20200821,A01K 87/04,2,6
1020200105225,환기 장치,20200821,F24F 7/00,4,6
1020200104599,정보 처리 장치 및 프로그램,20200820,B63B 49/00,3,4
1020200104351,"표면 처리 조성물, 표면 처리 조성물의 제조 방법, 표면 처리 방법 및 반도체 기판의 제조 방법",20200820,C11D 3/37,6,8
1020200103835,"적재 장치의 제어 방법, 적재 장치 및 검사 장치",20200819,G01R 31/28,3,7
1020217041627,백그라인드 테이프,20200817,C09J 7/38,1,14
1020200102250,표시 장치,20200814,H01L 27/15,6,13
1020200101733,기판 처리 방법 및 기판 처리 장치,20200813,H01L 21/285,4,2
1020200101545,고주파 특성 검사 장치 및 고주파 특성 검사 방법,20200813,H01L 21/66,4,4
1020200100218,"기판 처리 장치, 기판 처리 장치의 제조 방법 및 메인터넌스 방법",20200811,H01J 37/32,3,10
1020200099043,성막 방법 및 성막 장치,20200807,H01L 21/285,3,5
1020207037732,커버 부재 및 이것을 구비하는 부재 공급 어셈블리,20200806,C09J 7/26,2,12
1020200097721,프로버 및 프로브 카드의 프리쿨링 방법,20200805,G01R 31/28,4,2
1020200097957,"2차 전지용 양극, 2차 전지, 및 이들의 제조 방법",20200805,H01M 4/1397,7,0
1020200097761,압력 센서 설치용 어댑터 및 센서,20200805,G01L 19/00,4,3
1020200097310,다이 본딩 장치 및 반도체 장치의 제조 방법,20200804,H01L 23/00,10,3
1020200097360,표시장치 및 전자기기,20200804,H01L 51/52,1,6
1020217025263,작업 기계,20200803,E02F 3/43,1,7
1020227003422,분리막,20200731,B01D 69/08,3,6
1020200095793,"액체 토출용 기판, 액체 토출 헤드 및 액체 토출 장치",20200731,B41J 2/045,6,9
1020200094927,조작 장치 및 선박용 조종 장치,20200730,G05G 5/03,5,11
1020227003893,"납 프리 및 안티몬 프리의 땜납 합금, 땜납 볼, 볼 그리드 어레이 그리고 솔더 조인트",20200729,B23K 35/26,16,16
1020200094260,반도체 장치 및 반도체 장치의 제작 방법,20200729,H01L 29/786,2,6
1020227003532,점착 테이프,20200728,C09J 11/08,1,10
1020200092295,정보 처리 시스템 및 정보 처리 방법,20200724,G06Q 10/06,2,9
1020200092228,"구동 회로, 구동 회로의 제작 방법 및 구동 회로를 이용한 표시 장치",20200724,G09G 3/3283,2,0
1020200091619,표시 장치 및 그 제조 방법,20200723,G02F 1/1368,3,0
1020200091583,성막 장치 및 성막 방법,20200723,C23C 16/44,5,2
1020200091562,로봇에 있어서의 워크 위치 검출 방법,20200723,B25J 9/16,2,6
1020200090297,"점착제 조성물, 점착제층, 점착 시트, 광학 부재 및 터치 패널",20200721,C09J 133/04,6,10
1020200089367,탄소 복합 부재,20200720,C23C 16/26,7,3
1020227004069,"평탄화 공정, 장치, 및 물품 제조 방법",20200717,H01L 21/683,6,14
1020200088019,"정보 처리 장치, 정보 처리 방법 및 저장 매체",20200716,H04N 13/111,3,16
1020200087300,에틸렌-아세트산비닐 공중합체 수지 및 필름,20200715,C08F 210/02,5,4
1020200086536,전자 부품,20200714,H01G 4/248,5,3
1020200085055,전자 부품,20200710,H01G 4/232,6,3
1020200085239,탄소 복합 부재,20200710,C01B 32/21,2,3
1020200084565,"압축기 유닛의 제어 방법, 압축기 유닛 및 압축 스테이지",20200709,F04B 49/24,5,2
1020217034704,수정된 셰이프 프롬 셰이딩(SFS) 방식을 이용한 삼각형 3 차원 메쉬의 형상-세분화,20200709,G06T 17/20,2,18
1020200084573,기판 보유 지지 장치 및 탄성막,20200709,H01L 21/304,2,10
1020200084028,RuSi막의 형성 방법 및 기판 처리 시스템,20200708,H01L 21/285,2,13
1020217041838,금속 옥사이드 반도체 전계 효과 트랜지스터(MOSFET) 기반 전압 레귤레이터 회로,20200708,G05F 1/575,5,18
1020200083337,수지 성형 장치 및 수지 성형품의 제조 방법,20200707,B29C 43/58,5,3
1020227003817,"수지 비즈의 제조 방법, 수지 비즈, 및 수지 비즈를 사용한 제품",20200707,C08J 3/16,3,18
1020200082671,임프린트 장치 및 물품 제조 방법,20200706,G03F 7/00,3,7
1020200082672,검사 장치 및 검사 방법,20200706,G01N 23/2251,2,16
1020200081421,기판을 열처리하는 장치 및 방법,20200702,H01L 21/67,2,12
1020200081499,루테늄막의 형성 방법 및 기판 처리 시스템,20200702,H01L 21/285,2,6
1020200081390,"다이 본딩 장치, 박리 유닛, 콜릿 및 반도체 장치의 제조 방법",20200702,H01L 21/67,11,9
1020217043054,펄스형 방전을 위한 전자기기 드라이버,20200702,H01S 5/042,22,4
1020200080009,다이 본딩 장치 및 반도체 장치의 제조 방법,20200630,H01L 21/67,5,14
1020200079793,"유도 결합 플라즈마용 안테나 유닛, 유도 결합 플라즈마 처리 장치 및 유도 결합 플라즈마 처리 방법",20200630,H01J 37/32,1,2
1020200079792,산업용 로봇 및 산업용 로봇의 제어 방법,20200630,B25J 19/06,3,2
1020200079795,산업용 로봇 및 산업용 로봇의 제어 방법,20200630,B25J 9/04,4,0
1020227002462,전자 빔 검사 장치 및 전자 빔 검사 방법,20200629,G01N 23/2251,3,7
1020227006042,1축 편심 나사 펌프,20200629,F04C 2/107,8,5
1020217041295,모듈 로봇,20200629,B25J 9/08,5,7
1020200079091,기판 처리 방법 및 기판 처리 장치,20200629,C23C 16/448,4,2
1020227009439,1축 편심 나사 펌프,20200629,F04C 2/107,1,9
1020200078338,플라스마 처리 장치,20200626,H01J 37/32,1,9
1020200078189,이온주입 방법 및 이온주입 장치,20200626,H01L 21/265,4,2
1020200078309,산업용 로봇,20200626,B25J 19/00,2,8
1020200078369,메인터넌스 장치,20200626,G01B 15/02,2,3
1020200078399,산업용 로봇,20200626,B25J 15/00,5,6
1020207036866,비수계 전해액 및 비수계 이차 전지,20200626,H01M 10/0567,12,8
1020200077566,축전 장치,20200625,H01M 10/0566,8,0
1020200077514,전기 검사 장치 및 보유 지지 유닛,20200625,G01R 31/28,3,3
1020200077637,기판 처리 장치 및 기판의 전달 방법,20200625,H01L 21/687,3,12
1020200076938,유체 제어 장치,20200624,F15B 15/14,1,3
1020200076970,전계 방사 헤드 및 전계 방사 장치,20200624,D01D 5/00,4,3
1020200076775,"기판 처리 장치, 반도체 장치의 제조 방법 및 프로그램",20200623,H01L 21/67,17,4
1020217040419,액화 천연 가스 기화기 및 냉수 공급 방법,20200622,F17C 7/04,2,1
1020217033343,"분리막 엘리먼트 및 그 사용 방법, 그리고 수 처리 장치",20200622,B01D 63/10,6,6
1020217039188,타이어,20200619,B60C 19/08,6,8
1020200074825,"적재대, 기판 처리 장치 및 적재대의 조립 방법",20200619,C23C 16/458,3,6
1020217039787,타이어,20200619,B60C 19/08,2,6
1020200074229,기억 장치 및 반도체 장치,20200618,H01L 27/108,2,0
1020217025262,유압 셔블,20200618,E02F 3/43,2,3
1020200073511,"광학 부재의 검사 방법, 광학 제품의 제조 방법 및 광학 부재의 검사 장치",20200617,G01N 21/88,3,1
1020200073529,웨이퍼 적재대 및 그 제법,20200617,H01L 21/687,2,3
1020217038748,작업 기계,20200616,E02F 3/43,1,12
1020200072068,"발광 소자, 발광 장치 및 전자 기기",20200615,H01L 51/50,2,6
1020217034074,"땜납 합금, 주조물, 형성물 및 납땜 이음",20200612,B23K 35/26,4,1
1020200070066,보행형 관리기,20200610,A01B 33/02,4,4
1020200070054,수치 보정기 및 다중 전자 빔 조사 장치,20200610,H01J 37/153,2,10
1020200069743,발광 장치,20200609,H01L 33/48,1,7
1020200069028,전기 특성을 도출하는 시스템 및 비일시적 컴퓨터 가독 매체,20200608,G01N 21/88,4,10
1020200067583,기판 처리 방법 및 기판 처리 장치,20200604,H01L 21/02,5,6
1020200066211,고밀도 실장 모듈,20200602,H05K 1/11,6,2
1020200066316,콤바인,20200602,A01D 69/06,8,8
1020200066292,광학 필름 및 편광판,20200602,G02B 1/04,2,10
1020200065749,"알루미늄 전해 콘덴서, 전기 기기 및 알루미늄 전해 콘덴서의 제조 방법",20200601,H01G 9/02,9,3
1020200064679,성형 장치 및 물품 제조 방법,20200529,B29C 59/02,6,7
1020200064859,적층 기판 및 곤포체,20200529,B32B 17/10,3,8
1020217037338,건설 기계,20200528,E02F 9/20,2,6
1020200064141,반도체 장치 및 그의 제작 방법,20200528,H01L 29/786,2,2
1020217027679,인화인듐 기판 및 인화인듐 기판의 제조 방법,20200526,H01L 21/02,5,2
1020200062797,"플라스마 전계 모니터, 플라스마 처리 장치, 및 플라스마 처리 방법",20200526,H01J 37/32,10,15
1020200062900,토출 장치 및 임프린트 장치,20200526,B29C 59/00,4,14
1020217043042,현장 감시 장치 및 현장 감시 시스템,20200526,E02F 9/24,5,8
1020217027680,인화인듐 기판 및 인화인듐 기판의 제조 방법,20200526,H01L 21/02,7,2
1020200062282,EGR 시스템,20200525,F02M 26/35,2,3
1020217032270,"도금 방법, 도금 장치, 프로그램을 기억하는 불휘발성의 기억 매체",20200525,C25D 21/12,4,10
1020200062072,유기 EL 디스플레이용 반사 애노드 전극,20200525,H01L 51/52,6,3
1020200062280,데미스터 유닛,20200525,F02M 26/35,2,3
1020217041474,캐스터의 브레이크 장치,20200525,B60B 33/00,4,2
1020200061479,흔들림 보정 기능을 구비한 광학 유닛,20200522,G03B 5/02,4,11
1020217041417,폴리우레탄 수지 용액 및 필름상 부재,20200522,C08G 18/66,3,4
1020200060733,"플라스마 밀도 모니터, 플라스마 처리 장치, 및 플라스마 처리 방법",20200521,H01J 37/32,6,12
1020200060145,나노임프린트 리소그래피에서의 충전 시간을 줄이기 위한 기판 예비처리,20200520,G03F 7/00,12,3
1020200060316,"하드 마스크, 기판 처리 방법 및 기판 처리 장치",20200520,H01L 21/033,8,15
1020200060412,"정보 처리 장치, 정보 처리 장치의 제어 방법, 및 프로그램",20200520,H04L 29/08,6,8
1020200060525,광학 특성 측정 시스템의 교정 방법,20200520,G01J 3/02,3,2
1020217041653,온도 조정 장치 및 연마 장치,20200520,B24B 37/015,8,3
1020200060144,"투영 광학계, 노광 장치 및 물품 제조 방법",20200520,G03F 7/20,12,22
1020200059492,도브테일 홈 가공 방법 및 기판 처리 장치,20200519,H01L 21/67,3,16
1020200059506,흔들림 보정 기능을 구비한 광학 유닛,20200519,G03B 5/00,5,7
1020200059537,흔들림 보정 기능을 구비한 광학 유닛,20200519,G03B 5/00,5,9
1020217037517,불소 함유 엘라스토머 조성물 및 물품,20200519,C08L 27/12,7,2
1020217039963,점착 시트 및 점착제 조성물,20200519,C09J 7/38,4,6
1020200058963,"광학 필름, 편광판 및 액정 표시 장치",20200518,G02B 5/30,3,2
1020200058990,기판 세정 장치 및 기판 세정 방법,20200518,H01L 21/67,2,6
1020200059183,표시 장치 및 전자 기기,20200518,G09F 9/33,2,1
1020217021407,냉각 장치 및 냉각 장치의 제조 방법,20200515,H05K 7/20,8,17
1020217030677,표면 처리제,20200514,C09D 171/02,3,14
1020200057659,반도체 장치,20200514,H01L 29/786,7,3
1020200057813,반도체 장치 및 전자 기기,20200514,H03K 17/30,5,0
1020200057501,"자기 구동 장치, 착자 방법 및 자기 구동 장치의 제조 방법",20200514,H01L 21/687,4,12
1020200056653,반도체 장치의 제작 방법,20200512,H01L 29/786,2,6
2020200001573,용접 토치 및 아크 용접 로봇,20200511,B23K 9/28,2,8
1020200055628,가교형 수지 분산 세퍼레이터,20200511,H01M 50/409,5,6
1020200055630,실란 가교 폴리올레핀 혼합 수지를 사용한 세퍼레이터,20200511,H01M 50/409,5,5
1020217042221,적층체,20200508,B32B 27/08,4,12
1020200054414,"거리 측정 장치, 거리 측정 시스템",20200507,G01C 3/08,5,0
1020200054690,발광 장치,20200507,H01L 33/64,12,3
1020200054324,압축기 유닛,20200507,F04B 25/00,3,5
1020200053775,반도체 장치 및 그 제작 방법,20200506,H01L 27/12,2,1
1020200053634,광학 필름 및 광학 필름의 제조 방법,20200506,G02B 1/14,4,3
1020227005908,휴대용 퍼커시브 마사지 장치,20200504,A61H 23/02,3,12
1020217021390,휴대용 퍼커시브 마사지 장치,20200504,A61H 23/02,7,13
1020200052314,반도체 장치 및 그 제작 방법,20200429,H01L 29/786,4,3
1020200049751,"정보 처리 장치, 저장 매체, 및 제어 방법",20200424,H04L 41/00,7,13
1020217027466,인젝터 진단 장치 및 인젝터 진단 방법,20200424,F02D 41/22,8,7
1020200049123,절단 장치 및 절단품의 제조 방법,20200423,H01L 21/67,4,4
1020217039940,워크의 가공 방법 및 워크의 가공 장치,20200423,B23C 5/10,4,2
1020200048786,처리 장치 및 커버 부재,20200422,C23C 16/458,3,3
1020200048572,발광 소자 및 표시 장치,20200422,G09G 3/32,10,4
1020217036112,전자ㆍ전기 기기 부품 스크랩의 처리 방법 및 처리 장치,20200422,B07C 5/36,4,5
1020200047827,"임프린트 몰드, 그 제조 방법, 및 임프린트 방법",20200421,B29C 59/00,13,4
1020217014451,워크의 가공 방법 및 워크의 가공기,20200421,B23Q 15/16,4,2
1020200047812,에틸렌 중합체 입자 및 성형체,20200421,C08F 10/02,3,7
1020217033696,"전자 기기 하우징, 그의 제조 방법 및 금속 수지 복합체",20200421,B29C 45/14,8,7
1020200047185,"공액 디엔계 중합체의 제조 방법, 공액 디엔계 중합체 조성물의 제조 방법, 타이어의 제조 방법 및 비닐화제",20200420,C08F 297/04,10,5
1020217042786,"포토마스크 블랭크, 포토마스크의 제조 방법 및 포토마스크",20200420,G03F 1/58,3,13
1020207033184,적층체 및 그 제조 방법,20200417,B32B 7/12,4,1
1020200046451,셀레늄의 제거 방법,20200417,C02F 1/62,3,4
1020200046570,기판 처리 장치 및 기판 처리 방법,20200417,H01L 21/67,3,8
1020200046448,낚싯줄 통과구 및 낚싯줄 통과구의 제조 방법,20200417,A01K 87/04,3,2
1020200046692,반도체 장치,20200417,H01L 29/786,4,0
1020207033185,적층체의 제조 방법,20200417,B32B 38/10,3,5
1020217036704,"관통 전극 기판, 전자 유닛, 관통 전극 기판의 제조 방법 및 전자 유닛의 제조 방법",20200415,H01L 23/498,15,6
1020200045043,기판 처리 장치 및 기판 반송 방법,20200414,H01L 21/677,2,10
1020200044460,체결 테이프,20200413,A44B 18/00,1,6
1020200044643,반도체 장치 및 시스템,20200413,G11C 5/06,4,4
1020200044546,"피스톤 링, 왕복동 압축기, 피스톤 링의 선정 방법 및 피스톤 링의 수명 평가 방법",20200413,F16J 9/26,3,2
1020200043903,프로브의 가동 범위 설정 장치 및 가동 범위 설정 방법,20200410,G01N 29/24,5,6
1020200043863,기판 처리 장치,20200410,H01L 21/687,2,10
1020200042245,반도체 장치 및 반도체 장치의 제작 방법,20200407,H01L 29/66,2,6
1020217034480,점착성 필름 및 전자 장치의 제조 방법,20200406,C09J 7/38,3,6
1020200041335,폴리올레핀 적층 미다공막,20200406,H01M 50/409,3,6
1020200041145,반도체 장치 및 반도체 장치의 제작 방법,20200403,H01L 29/786,6,0
1020200040155,반도체 제조 장치 및 반도체 장치의 제조 방법,20200402,H01L 21/677,2,12
1020200039834,반도체 장치 및 그 제작 방법,20200401,H01L 29/786,2,4
1020200038212,처리 장치 및 처리 방법,20200330,C23C 16/455,4,5
1020200037945,"퍼지 노즐 유닛, 적재대, 로드 포트 및 스토커",20200330,H01L 21/673,3,3
1020217034720,전자·전기 기기 부품 스크랩의 처리 방법,20200327,B03C 1/005,2,6
1020217032920,전자·전기 기기 부품 부스러기의 처리 방법,20200327,B03B 9/00,1,6
1020217034149,전자·전기 기기 부품 스크랩의 처리 방법,20200327,B03C 1/005,3,3
1020217013956,루즈 플랜지 및 관 조인트,20200327,F16L 23/032,9,3
1020200037375,"위상 시프트 마스크 블랭크 및 그 제조 방법, 위상 시프트 마스크 및 그 제조 방법과 표시 장치의 제조 방법",20200327,G03F 1/20,5,10
1020200037397,성막 방법 및 성막 장치,20200327,H01L 21/02,5,9
1020227003519,건설 기계,20200326,E02F 9/20,1,6
1020217028639,플루오로폴리에테르기 함유 화합물,20200326,C08G 65/336,4,15
1020217030433,플루오로폴리에테르기 함유 화합물,20200326,C08G 65/336,5,13
1020217030678,플루오로폴리에테르기 함유 화합물,20200326,C08G 65/336,4,10
1020217030679,플루오로폴리에테르기 함유 화합물,20200326,C08G 65/336,4,11
1020227000181,전동식 건설 기계,20200326,B60K 11/06,1,5
1020217030868,원심 주조제 압연용 복합 롤 및 그 제조 방법,20200325,B21B 27/00,2,1
1020217005534,작업 기계,20200325,E02F 3/43,4,3
1020217032054,"형광체 분말, 복합체 및 발광 장치",20200324,C09K 11/02,9,2
1020217029562,캐퍼에 설치되는 그리퍼 장치,20200324,B67B 3/20,1,8
1020200035387,티타늄 구리박 및 티타늄 구리박의 제조 방법,20200324,C22C 9/00,3,3
1020217032051,"형광체 입자, 복합체, 발광 장치 및 형광체 입자의 제조 방법",20200324,C09K 11/08,12,6
1020217032055,"형광체 분말, 복합체 및 발광 장치",20200324,C09K 11/08,10,1
1020207028418,"전자 부품용 테이프, 및 전자 부품의 가공 방법",20200324,C09J 7/25,3,5
1020207028466,"전자 부품용 테이프, 및 전자 부품의 가공 방법",20200324,C09J 7/22,3,3
1020217032052,"형광체 입자, 복합체, 발광 장치 및 형광체 입자의 제조 방법",20200324,C09K 11/08,12,3
1020217031106,"부체 구조물, 부체식 풍력 발전 장치 및 부체 구조물의 제조 방법",20200324,B63B 35/44,3,6
1020217037042,"통신 장치, 통신 장치의 제어 방법 및 컴퓨터 프로그램",20200324,H04W 8/24,8,8
1020200034833,강도와 압연 평행 방향 및 압연 직각 방향의 굽힘 가공성이 우수한 Cu-Ni-Si계 합금 스트립,20200323,C22C 9/06,1,2
1020200034957,전자 부품,20200323,H01G 4/232,4,8
1020200034228,전자 부품,20200320,H01G 4/232,9,9
1020200034239,"플렉시블 프린트 기판용 동박, 그것을 사용한 동장 적층체, 플렉시블 프린트 기판 및 전자 기기",20200320,H05K 3/38,5,3
1020200034327,전자 부품,20200320,H01G 4/232,3,7
1020217029559,"적층 전해질막, 막전극 복합체 및 수전해식 수소 발생 장치, 그리고 적층 전해질막의 제조 방법",20200319,C25B 13/08,7,10
1020200033928,반도체 장치 및 그 제작 방법,20200319,H01L 29/786,5,2
1020217031473,수지 조성물 및 성형품,20200319,C08L 71/12,3,6
1020217029616,"모터 제어 장치 및 이것을 사용한 전동 브레이크 장치, 그리고 모터 제어 방법 및 이 제어 방법을 이용한 전동 브레이크 제어 방법",20200318,H02P 29/024,10,6
1020200033008,성막 장치 및 성막 방법,20200318,H01J 37/32,3,4
1020200033338,자동 변속기,20200318,F16H 7/02,1,2
1020217029619,브레이크 제어 장치,20200318,B60T 17/18,2,8
1020200032428,광학 유닛,20200317,G03B 17/55,4,4
1020200032583,검사 장치,20200317,G01R 31/28,2,2
1020200032544,"반송 장치, 반송 방법, 리소그래피 장치, 리소그래피 시스템, 및 물품 제조 방법",20200317,H01L 21/677,6,11
1020217037789,"압연기, 그리고 압연 방법 및 워크롤의 운용 방법",20200317,B21B 13/14,3,7
1020217005362,작업 기계,20200317,E02F 3/43,4,2
1020200031767,반도체 장치 및 그 제조 방법,20200316,H01L 21/3205,4,8
1020200031884,기판의 에칭 장치 및 에칭 방법,20200316,H01L 21/67,8,4
1020200032128,기판 처리 장치 및 기판 처리 방법,20200316,H01L 21/67,8,10
1020200032129,기판 처리 장치 및 기판 처리 방법,20200316,H01L 21/67,3,13
1020217005215,배터리식 작업 기계,20200316,B60L 15/20,4,2
1020200031364,기판 처리 장치 및 물품 제조 방법,20200313,H01L 21/67,4,10
1020200031144,기판 처리 장치 및 기판 처리 방법,20200313,H01L 21/67,6,6
1020207031583,전송 장치,20200313,H04L 12/417,3,5
1020200030651,"패턴 단면 형상 추정 시스템, 및 프로그램",20200312,H01J 37/244,3,5
1020200030166,"축전 디바이스용 세퍼레이터, 및 이를 사용한 적층체, 권회체 및 이차 전지",20200311,H01M 50/409,4,5
1020200030206,표시 장치,20200311,G09G 3/3233,1,13
1020200030172,"축전 디바이스용 세퍼레이터 및 그것을 사용한 적층체, 권회체, 리튬 이온 이차 전지 또는 축전 디바이스",20200311,H01M 2/16,8,4
1020217028979,"렌즈 오더 시스템, 렌즈 오더 방법, 프로그램 및 데이터 구조",20200310,G02C 7/02,6,2
1020200029489,"화상 처리 장치, 화상 처리 장치의 제어 방법, 및 비일시적인 컴퓨터 판독가능한 저장 매체",20200310,H04N 25/40,3,12
1020200029381,"프로브 핀, 검사 지그 및 검사 유닛",20200310,G01R 1/067,3,4
1020217028982,"점착제 조성물, 점착제층 및 점착 시트",20200309,C09J 201/00,5,12
1020200028938,기억 장치,20200309,G11C 11/24,2,0
1020200028798,성막 방법 및 성막 장치,20200309,C23C 16/30,4,8
1020200029081,반도체 제조 장치 및 반도체 장치의 제조 방법,20200309,H01L 21/67,2,13
1020217026310,포인트 클라우드 압축을 위한 양자화 단차 파라미터,20200309,H04N 19/124,3,18
1020200028780,"땜납 합금, 땜납 볼, 땜납 프리폼, 땜납 페이스트 및 납땜 조인트",20200309,B23K 35/26,9,2
1020217029143,"n형 반도체 소자, n형 반도체 소자의 제조 방법, 무선 통신 장치 및 상품 태그",20200306,H01L 29/786,9,5
1020200028279,반도체 장치 및 반도체 장치의 제작 방법,20200306,H01L 29/786,8,0
1020200028088,플라스마 처리 장치,20200306,H01J 37/32,1,9
1020217029142,"n형 반도체 소자, n형 반도체 소자의 제조 방법, 무선 통신 장치 및 상품 태그",20200306,H01L 29/786,5,9
1020217007972,공기 조화기,20200305,F24F 11/43,8,1
1020217027490,"피로메텐 금속 착체, 피로메텐 화합물, 발광 소자 재료, 발광 소자, 표시 장치 및 조명 장치",20200305,C07F 5/02,11,9
1020200027767,"기판 리프트 기구, 기판 지지기, 및 기판 처리 장치",20200305,H01L 21/687,7,7
1020217007973,공기 조화기,20200305,F24F 11/43,2,8
1020200027946,"발광 소자, 발광 장치, 전자 기기, 및 조명 장치",20200305,H01L 51/50,8,3
1020217024186,"관능 평가 시스템, 서스펜션 장치, 서스펜션 제어 시스템",20200305,G01M 17/007,6,6
1020200027535,"통신 장치, 통신 장치의 제어 방법, 및 컴퓨터 판독가능 저장 매체",20200305,H04B 1/40,4,9
1020207037105,유리 가공용 테이프,20200304,C09J 7/22,2,2
1020207037098,유리 가공용 테이프,20200304,C09J 7/22,2,2
1020217027465,"전기 화학 디바이스용 결착제, 전극 합제, 전극, 전기 화학 디바이스 및 이차 전지",20200304,H01M 4/62,13,8
1020200027070,배기 파이프 디바이스,20200304,C23C 16/44,3,17
1020207037146,유리 가공용 테이프,20200304,C09J 7/22,2,2
1020207037097,유리 가공용 테이프,20200304,C09J 7/22,2,2
1020217037395,피복 조성물 및 피복 물품,20200303,C09D 181/06,3,11
1020200025885,기판 처리 장치 및 기판 처리 방법,20200302,H01L 21/67,2,11
1020200025934,"반도체 장치, 제조 방법 및 전자 장치",20200302,H01L 27/146,1,0
1020217032723,웨이퍼 컵,20200228,B05C 11/08,2,2
1020200025064,"임프린트 장치의 조정 방법, 임프린팅 방법 및 물품 제조 방법",20200228,G03F 7/00,4,7
1020200024922,"발광 소자, 발광 장치, 전자 기기, 및 조명 장치",20200228,H01L 51/00,4,9
1020200024773,정제 인쇄 장치 및 정제 인쇄 장치의 방열 방법,20200228,B41J 3/407,12,5
1020200025557,반도체 장치,20200228,H01L 21/02,2,1
1020217030238,"5G 통신용 안테나 어레이, 안테나 구조, 노이즈 억제 열전도 시트 및 열전도 시트",20200227,H01Q 17/00,5,6
1020200024055,기동 시에 소프트웨어 탬퍼링 검출 처리를 생략하는 것이 가능한 전자 장치,20200227,G06F 21/57,14,10
1020200023454,반도체 웨이퍼의 마운트 방법 및 반도체 웨이퍼의 마운트 장치,20200226,H01L 21/683,2,2
1020200023729,"신규 유기 규소 화합물, 그의 제조 방법 및 밀착 향상제",20200226,C07F 7/08,3,2
1020200023361,반도체 제조 장치 및 반도체 장치의 제조 방법,20200226,H01L 21/67,2,13
1020200023603,"데이터의 이용·활용을 위한 데이터 준비를 지원하는 시스템, 및 그 방법",20200226,G06F 16/21,7,5
1020200023471,"송신 디바이스, 통신 시스템, 송신 방법, 및 비일시적 컴퓨터 판독가능 기록 매체",20200226,H04N 21/2385,10,11
1020200023728,"신규 유기 규소 화합물, 그의 제조 방법 및 밀착 향상제",20200226,C07F 7/08,3,2
1020200023442,"유기 EL 표시 장치용 점착제 조성물, 유기 EL 표시 장치용 점착제층, 유기 EL 표시 장치용 점착제층을 구비한 편광 필름, 및 유기 EL 표시 장치",20200226,C09J 133/04,4,19
1020200022706,"에칭액, 첨가제 및 에칭 방법",20200225,C09K 13/10,12,3
1020200022856,검사 장치에서의 클리닝 방법 및 검사 장치,20200225,G01R 3/00,3,7
1020200022870,전지용 외장재 및 전지,20200225,H01M 50/10,3,1
1020217027623,이중 액터 크리틱 알고리즘을 통한 강화 학습,20200225,G06N 3/08,7,13
1020200022672,"헤드 유닛, 전계 방사 헤드, 및 전계 방사 장치",20200225,D01D 5/00,3,8
1020200023241,"발광 소자, 발광 장치 및 전자 기기",20200225,H01L 51/50,2,10
1020200022317,고주파 안테나 및 플라스마 처리 장치,20200224,H01J 37/32,2,4
1020217031879,"점착 시트 및 그 제조 방법, 그리고 화상 표시 장치",20200221,C09J 7/38,4,10
1020217027298,제어 장치 및 위치 정렬 장치,20200221,G05D 3/12,4,2
1020217030871,온도 이상 검출 장치,20200221,H02B 1/32,3,3
1020217029592,도료 조성물 및 도장 물품,20200221,B05D 7/24,6,6
1020200020906,캐리어 및 반도체 장치의 제조 방법,20200220,H01L 23/29,5,6
1020217026485,단자대,20200219,H01R 9/26,1,3
1020200020470,"사출성형기, 및 사출성형기의 조작화면",20200219,B29C 45/76,4,2
1020200019586,"촬상 장치, 촬상 장치의 제어 방법, 프로그램 및 저장 매체",20200218,H04N 23/60,3,10
1020217022509,건설 기계,20200217,B62D 55/30,1,1
1020217024651,실린더 장치,20200214,B60G 3/28,12,5
1020217024166,작업 기계,20200214,E02F 9/20,1,6
1020217029943,"기판 처리 장치, 기판 처리 시스템 및 적재대를 위치 정렬하는 방법",20200214,H01L 21/687,3,11
1020200017384,압축기 유닛 및 압축기 유닛의 정지 방법,20200213,F04B 39/04,12,10
1020217020015,산화티타늄의 제조 방법,20200213,C01G 23/053,2,9
1020200016779,"정보 처리 장치, 저장 매체, 리소그래피 장치, 제품의 제조 방법, 및 제품의 제조 시스템",20200212,G03F 7/20,7,9
1020200016087,"유압 서보 밸브의 상태 진단 방법, 유압 서보 밸브 시스템 및 유압 서보 밸브의 상태 진단 장치",20200211,G01M 13/003,7,6
1020200016312,음극의 제작 방법 및 리튬 2차 전지의 제작 방법,20200211,H01M 4/1395,3,3
1020217005528,건설 기계의 에어 필터 열화 판정 장치,20200210,F02M 35/09,1,6
1020200015345,축전 디바이스용 미다공막,20200210,H01M 50/409,9,15
1020217029352,"표면 수식 나노 다이아몬드, 나노 다이아몬드 분산 조성물, 및 표면 수식 나노 다이아몬드의 제조 방법",20200210,C01B 32/28,4,5
1020217024633,날 및 날의 제조 방법,20200207,B26D 1/00,3,3
1020217027038,"2축 배향 폴리에스테르 필름, 및 2축 배향 폴리에스테르 필름의 제조 방법",20200205,C08J 5/18,2,4
1020200013572,하전 입자 빔 묘화 장치 및 하전 입자 빔 묘화 방법,20200205,H01J 37/317,3,6
1020217005190,작업 기계,20200204,E02F 9/26,1,4
1020200012914,콘덴서 및 콘덴서 모듈,20200204,H01G 4/33,6,14
1020200013025,전자 부품,20200204,H01G 4/232,3,12
1020207037091,세라믹 히터 및 그 제법,20200204,H05B 3/02,2,6
1020217005192,작업 기계,20200204,E02F 9/26,5,1
1020200012563,기판 처리 방법 및 성막 시스템,20200203,H01L 21/768,5,11
1020200011834,기판 처리 방법 및 기판 처리 장치,20200131,H01L 21/285,10,6
1020200011734,"정보 처리 장치, 정보 처리 장치를 제어하는 방법 및 저장 매체",20200131,H04N 1/00,6,16
1020200010956,반도체 제조 장치 및 스테이지의 회전 제어 방법,20200130,H01L 21/68,4,3
1020200010827,실장 장치 및 반도체 장치의 제조 방법,20200130,H01L 21/67,2,15
1020217027463,배선판,20200130,H01P 3/16,1,20
1020217005363,교정 작업 지원 시스템,20200129,E02F 9/26,3,1
1020217023993,"알루미늄계 금속 수지 복합 구조체, 알루미늄계 금속 부재, 알루미늄계 금속 부재의 제조 방법 및 알루미늄계 금속 수지 복합 구조체의 제조 방법",20200129,B29C 45/14,6,13
1020200010320,반도체 장치,20200129,G09G 3/36,1,2
1020200010417,기판 처리 장치의 제어 방법 및 기판 처리 장치,20200129,C23C 16/46,2,7
1020217004901,전동식 건설 기계,20200129,E02F 9/08,3,3
1020200010331,"라이팅 효과에 대한 후보를 결정하기 위한 정보 처리 장치, 정보 처리 방법, 및 저장 매체",20200129,G06T 15/50,7,13
1020217025259,"빔 대응 시그널링을 위한 방법들, 관련된 무선 디바이스들 및 관련된 네트워크 노드들",20200128,H04B 7/0408,5,7
1020200009652,"중합성 모노머, 도전성 폴리머용 고분자 화합물 및 그의 제조 방법",20200128,C07C 43/23,3,2
1020207029575,부 열팽창 재료 및 그 제조 방법,20200128,C01B 33/24,5,2
1020217028137,점착 시트 및 그 이용,20200124,C09J 7/38,26,6
1020217021287,"증착 마스크군, 전자 디바이스의 제조 방법 및 전자 디바이스",20200123,C23C 14/04,21,21
1020217024315,협조형 학습 시스템 및 감시 시스템,20200123,G05B 23/02,4,5
1020200009307,"기판 처리 장치의 제어 방법, 기판 처리 장치 및 클러스터 시스템",20200123,H01L 21/768,4,10
1020200009377,보정 기능을 구비한 광학 유닛,20200123,G03B 5/02,2,12
1020200008625,낚싯줄 청소 도구,20200122,A01K 97/00,2,5
1020200007860,화상 인식 시스템 및 화상 인식 방법,20200121,G06K 9/46,2,16
1020200007780,전자파 감쇠체 및 전자 장치,20200121,H01L 23/552,3,17
1020200007174,통신 장치 및 그 제어 방법,20200120,H04W 4/50,5,12
1020217026350,안솜이 들어간 방한구,20200120,A41D 31/06,1,7
1020207028258,"점착 시트, 점착층을 갖는 광학 필름, 적층체 및 화상 표시 장치",20200120,C09J 7/38,8,11
1020200007201,규소 함유 물질 형성 장치,20200120,C30B 25/14,1,8
1020200007393,"반도체 장치, 표시 장치, 및 전자 기기",20200120,H01L 29/786,2,6
1020217022564,"외란 억제 장치, 외란 억제 방법 및 프로그램",20200117,G05B 11/36,3,3
1020217023976,초음파 무화 장치,20200117,B05B 17/06,6,1
1020200005831,반송 장치,20200116,H01L 21/677,3,4
1020217025443,"자동차 충돌 모의 시험용 대차, 자동차 충돌 모의 시험 장치 및 자동차 충돌 모의 시험 방법",20200116,G01M 17/007,5,3
1020207031969,나머지를 갖는 균일한 타일 분열을 포함하는 비디오 코딩,20200116,H04N 19/119,15,11
1020200005133,"발광 소자, 발광 장치, 전자 기기, 조명 장치, 및 헤테로 고리 화합물",20200115,H01L 51/00,2,10
1020200005109,정보 처리 장치 및 제어 방법,20200115,G06F 3/12,4,20
1020217018685,스퍼터링 타깃 제품 및 스퍼터링 타깃 제품의 재생품을 제조하는 방법,20200115,C23C 14/34,8,8
1020200004758,하드 마스크 및 반도체 디바이스의 제조 방법,20200114,H01L 21/033,4,5
1020200004771,"구동 장치, 구동 시스템, 및 전동기의 구동 방법",20200114,H02P 27/06,4,3
1020217022908,"블록 공중합체 조성물, 성형품, 성형품의 제조 방법 및 성형품의 헤이즈값을 조정하는 방법",20200114,C08L 25/14,6,13
1020200004269,정보 제공 서버 및 그 정보 제공 서버의 제어 방법,20200113,G06F 16/33,1,10
1020200004008,"화상 처리 장치, 화상 처리 장치의 제어 방법, 및 저장 매체",20200113,H04N 1/00,3,10
1020200003595,"기판 처리 장치의 세정 방법, 및 기판 처리 장치",20200110,H01L 21/67,4,4
1020217023977,빔 정보를 이용하여 위치결정하기 위한 방법 및 디바이스,20200110,G01S 5/02,3,21
1020200002902,"화상 판독 장치, 화상 판독 장치의 제어 방법, 및 저장 매체",20200109,H04N 1/00,3,9
1020200003378,전자파 감쇠체 및 전자 장치,20200109,H05K 9/00,5,14
1020200003113,"클라우드 프린트 서비스를 지원하는 인쇄 장치, 인쇄 장치의 제어 방법, 및 저장 매체",20200109,G06F 3/12,7,4
1020200002534,"반도체 장치, 및 그 제작 방법",20200108,H01L 29/786,7,1
1020200002392,반도체 제조 장치 및 반도체 장치의 제조 방법,20200108,H01L 21/67,3,14
1020200002631,발전 장치,20200108,H02S 50/10,2,15
1020200002332,"양면 점착제 부착 광학 필름 및 그것을 사용한 화상 표시 장치의 제조 방법, 그리고 양면 점착제 부착 광학 필름의 컬 억제 방법",20200108,C09J 7/22,5,3
1020217026467,도금 강판의 접합 방법 및 접합 구조체,20200108,B23K 9/23,11,0
1020217020723,멀티-홉 시스템들에서의 섹터화된 통신과 루트 발견의 통합,20200107,H04W 40/24,3,17
1020200001251,처리 장치,20200106,H01L 21/67,4,4
1020217019493,멀티-홉 라우팅에서의 신속한 차단 발견 및 복구,20200106,H04W 40/30,6,14
1020200000787,유도 결합 플라스마 처리 장치,20200103,H01J 37/32,11,7
1020190178954,촬상 장치 및 전기 장치,20191231,H01L 27/146,6,24
1020190176047,인쇄 장치 및 인쇄 장치 제어 방법,20191227,B41J 29/393,4,7
1020190175975,처리 장치,20191227,H01L 21/67,2,8
1020207033452,피부용 적층 점착성 시트,20191227,A61K 9/70,13,3
1020217031894,표면 보호 필름 및 보호 필름 구비 광학 부재,20191226,C09J 133/04,14,14
1020207025191,Si의 피막을 갖는 순동분을 사용한 적층 조형물의 제조 방법,20191226,B22F 3/105,6,0
1020207025193,"Si의 피막을 갖는 순동분 및 그의 제조 방법, 그리고 해당 순동분을 사용한 적층 조형물",20191226,B22F 1/02,9,1
1020190175359,"가변 피치 프로펠러 제어 시스템, 가변 피치 프로펠러의 제어 방법",20191226,B63H 3/10,3,4
1020207021669,방수 부재 및 전자 기기,20191225,H04R 1/00,2,9
1020190173622,"발포체 형성용 조성물, 발포체, 발포체의 제조 방법 및 피혁용재",20191224,C08J 9/00,5,4
1020190173645,분할 스퍼터링 타깃 및 그 제조 방법,20191224,C23C 14/34,3,26
1020217006936,"불소 수지 조성물, 불소 수지 시트, 적층체 및 회로용 기판",20191224,C08K 3/36,8,3
1020190173653,이차 전지의 제조 방법 및 이차 전지의 제조 장치,20191224,H01M 50/60,4,2
1020217020205,유가 금속의 회수 방법,20191223,C22B 3/00,3,6
1020190172630,"감광성 필름, 감광성 필름 적층체 및 그들을 사용하여 형성된 경화물",20191223,G03F 7/09,4,3
1020190172672,전자 부품,20191223,H01G 2/10,4,11
1020190172635,"감광성 필름, 감광성 필름 적층체 및 그들을 사용하여 형성된 경화물",20191223,G03F 7/09,3,4
1020217020201,유가 금속의 회수 방법,20191223,C22B 3/00,1,7
1020217019447,발수제 조성물,20191220,D06M 11/45,8,11
1020190171830,"반송 장치, 기판 처리 장치, 및 물품 제조 방법",20191220,H01L 21/67,6,13
1020190171679,성막 장치 및 방법,20191220,C23C 16/455,3,12
1020217017167,포토-비디오 기반 공간적-시간적 체적 측정 캡처 시스템,20191220,G06T 17/00,3,23
1020217023299,퍼커시브 마사지 디바이스 및 사용 방법,20191219,A61H 23/00,7,12
1020207030932,퍼커시브 마사지 디바이스 및 사용 방법,20191219,A61H 23/00,9,16
1020190170399,RuSi막의 형성 방법 및 성막 장치,20191219,C23C 16/455,3,8
1020217042653,퍼커시브 마사지 디바이스 및 사용 방법,20191219,A61H 23/00,4,16
1020190170652,연마 장치 및 연마 부재의 드레싱 방법,20191219,B24B 53/02,4,28
1020190170554,"가스 도입 구조, 처리 장치 및 처리 방법",20191219,H01L 21/67,16,4
1020207031584,슬릿 코터,20191218,B05C 5/02,7,3
1020190169381,화상 처리 방법 및 화상 처리 시스템,20191218,H04N 1/00,6,8
1020190169922,반도체 장치의 제작 방법,20191218,H01L 29/786,8,1
1020190169738,"온도 측정 부재, 검사 장치 및 온도 측정 방법",20191218,H01L 21/66,4,3
1020217024033,방사선 발생 장치 및 방사선 발생 방법,20191217,H05H 7/18,5,2
1020190168755,릴 시트 및 이를 구비하는 낚싯대,20191217,A01K 87/06,4,7
1020190168753,스퍼터링 타깃 및 그 제조 방법,20191217,C23C 14/34,2,7
1020207028588,작업차,20191217,A01B 69/04,6,5
1020207028768,작업차,20191217,B60R 11/02,3,3
1020207028770,작업차,20191217,B60R 11/02,1,4
1020190168754,릴 시트 및 이를 구비하는 낚싯대,20191217,A01K 87/06,2,8
1020207028587,작업차,20191217,A01B 69/04,2,4
1020190167493,반도체 장치,20191216,G11C 11/404,2,0
1020190167789,기판용 커넥터,20191216,H01R 12/52,3,7
1020190167468,"프로브 핀, 검사 지그, 검사 유닛 및 검사 장치",20191216,G01R 1/067,8,7
1020217018871,"땜납 합금, 땜납 페이스트, 땜납 프리폼 및 납땜 이음",20191214,B23K 35/26,9,10
1020207030540,표피재 고착용 클립 및 표피재 고착 구조,20191213,A47C 31/02,12,5
1020217005189,휠식 작업 차량,20191213,E02F 9/22,1,4
1020217016126,리니어 스케일의 검출값의 보정 방법,20191213,G01B 21/04,1,3
1020190166675,전자 컴포넌트,20191213,H01G 4/232,3,5
1020190166850,전자 컴포넌트,20191213,H01G 4/232,6,5
1020217023093,건설 기계,20191213,E02F 9/22,1,5
1020217011815,세라믹 히터,20191212,H01L 21/67,5,7
1020217016375,스크롤 부재 및 스크롤 단조품의 제조 방법,20191212,C22C 21/02,2,2
1020190164325,"액체 접착 조성물, 다층 구조체 및 상기 구조체의 제조 방법",20191211,C09J 4/06,3,15
1020217021313,열 이용 시스템 및 발열 장치,20191211,F24V 30/00,5,28
1020217013144,폴리부타디엔 조성물 및 그의 제조 방법,20191211,C08F 136/06,5,8
1020190164374,피혁 용재의 제조 방법,20191211,D06N 3/14,1,7
1020190164545,적재대 및 적재대의 제작 방법,20191211,H01L 21/67,6,3
1020217004726,작업 기계,20191211,E02F 9/16,2,2
1020217023473,무선 통신 네트워크에서 단말 능력들을 다루기 위한 방법,20191211,H04W 8/22,8,7
1020217015133,단자대,20191210,H01R 9/24,4,2
1020190163586,표시 장치,20191210,H01L 27/32,8,0
1020217008367,세라믹 히터,20191210,H05B 3/14,3,7
1020190162640,"거리 측정 장치, 거리 측정 시스템",20191209,G01C 3/08,5,0
1020190162488,포토마스크 블랭크 및 포토마스크의 제조 방법,20191209,G03F 1/26,2,11
1020190162397,팬에 전력을 공급하는 복수의 전원 유닛을 포함하는 정보 처리 장치,20191209,G06F 1/26,4,17
1020207013420,"전고체 리튬 이온 전지용 정극 활물질, 전고체 리튬 이온 전지용 정극, 전고체 리튬 이온 전지 및 전고체 리튬 이온 전지용 정극 활물질의 제조 방법",20191206,H01M 4/36,5,1
1020190161968,"영구 자석 동기 전동기의 제어 장치, 마이크로 컴퓨터, 전동기 시스템 및 영구 자석 동기 전동기의 운전 방법",20191206,H02P 21/18,4,5
1020217015523,가탄재 및 그것을 사용한 가탄 방법,20191206,C21C 7/00,2,2
1020217015307,위치 정렬 장치,20191206,B25J 13/08,3,3
1020217016700,"수소 첨가 공중합체 조성물, 점접착재 조성물 및 점접착 필름",20191206,C08L 53/02,3,5
1020190161392,"제어 장치, 촬상 장치, 및 기억 매체",20191206,G03B 5/06,5,17
1020217015541,단자대,20191206,H01R 9/24,3,3
1020217019606,플루오로비닐아미드 화합물의 제조 방법,20191205,C07D 207/27,8,15
1020217015443,스크린-톤 룩 생성기,20191205,G06T 11/60,3,17
1020217015182,패처 툴,20191205,G06T 11/60,4,16
1020190160902,농작업차,20191205,A01B 69/04,4,11
1020190160427,"발광 소자, 발광 장치, 전자 기기, 및 조명 장치",20191205,H01L 51/50,8,3
1020217015313,CG 애니메이션에서 핸드-드로잉된 라인들의 에뮬레이팅,20191205,G06T 13/40,7,11
1020207022066,세라믹 히터,20191204,H05B 3/28,9,6
1020217020454,"폴리테트라플루오로에틸렌 조성물의 제조 방법, 폴리테트라플루오로에틸렌 조성물, 성형품, 도전성 튜브, 열전도성 필름 및 CCL용 기판",20191204,C08J 3/12,8,20
1020217018342,조작 지원 장치,20191204,G06F 3/039,3,6
1020190159584,"검사 장치, 및 검사 방법",20191204,G01R 31/28,3,2
1020190159684,"임프린트 방법, 임프린트 장치, 및 물품 제조 방법",20191204,G03F 7/00,3,13
1020217016001,"신호 처리 장치, 전자 기기, 신호 처리 방법 및 프로그램",20191203,H04N 25/50,8,1
1020217014266,내식성 CuZn 합금,20191203,C22C 9/04,3,3
1020190158932,프린트 기판,20191203,H05K 3/34,9,6
1020190156211,프로브 카드 관리 시스템 및 프로브 카드 관리 방법,20191129,G01R 3/00,3,7
1020190156212,배관 가열 장치 및 기판 처리 장치,20191129,H01L 21/67,3,5
1020190156772,"펌프, 및 도포 장치",20191129,B05B 9/04,3,4
1020190156374,플라스마 처리 장치 및 플라스마 처리 방법,20191129,H01J 37/32,2,4
1020190156670,"발광 소자, 발광 장치, 전자 기기, 및 조명 장치",20191129,H01L 51/50,9,2
1020217012227,작업 기계,20191129,E02F 9/02,3,6
1020190157174,반송 장치 및 물품의 제조 방법,20191129,B65G 54/02,6,14
1020217004657,작업 기계,20191129,E02F 3/43,2,2
1020190155274,고밀도 폴리에틸렌관 및 조인트,20191128,F16L 9/12,3,12
1020217015298,망상 구조체,20191127,D04H 3/16,8,2
1020190153869,"발광 모니터 방법, 기판 처리 방법, 및 기판 처리 장치",20191127,H01L 21/66,6,13
1020217015751,폴리에테르기 함유 화합물,20191127,C08G 65/333,4,13
1020217017511,활성 가스 생성 장치,20191127,H01J 37/32,1,3
1020190154163,"용기, 처리 장치, 파티클 제거 방법, 및 물품 제조 방법",20191127,H01L 21/673,8,21
1020217016519,"초음파 검사 방법, 초음파 검사 장치 및 초음파 검사 프로그램",20191127,G01N 29/44,3,18
1020217021027,플라스마 처리 장치 및 플라스마 처리 방법,20191126,H01J 37/32,3,16
1020217020988,플라스마 처리 장치 및 플라스마 처리 방법,20191126,H01J 37/32,3,2
1020217021008,플라스마 처리 장치 및 플라스마 처리 방법,20191126,H01J 37/32,3,16
1020217021010,"샤워 플레이트, 플라스마 처리 장치 및 플라스마 처리 방법",20191126,H01J 37/32,4,3
1020217021030,플라스마 처리 장치 및 플라스마 처리 방법,20191126,H01J 37/32,4,4
1020217019911,플라스마 처리 장치,20191126,H01J 37/32,1,5
1020217015551,불소 수지 성형품의 제조 방법 및 제조 시스템,20191126,C11D 7/26,7,5
1020217021015,플라스마 처리 장치 및 플라스마 처리 방법,20191126,H01J 37/32,2,11
1020190152850,임프린트 장치 및 물품의 제조 방법,20191126,G03F 7/00,2,4
1020217020994,플라스마 처리 장치 및 플라스마 처리 방법,20191126,H01J 37/32,3,7
1020217021038,플라스마 처리 장치 및 플라스마 처리 방법,20191126,H01J 37/32,4,0
1020190152902,프로브 장치 및 프로브 장치의 조정 방법,20191126,G01R 31/28,2,5
1020190152831,"온도 제어 장치, 온도 제어 방법, 및 검사 장치",20191126,H01L 21/66,11,8
1020217018448,코딩된 비디오의 픽처들에 대한 타일 구조들을 시그널링하기 위한 시스템들 및 방법들,20191126,H04N 19/70,9,14
1020217019264,플라스마 처리 장치,20191126,H01J 37/32,1,2
1020217015756,분할형 접지 커넥터,20191126,A63F 13/23,5,15
1020217021024,플라스마 처리 장치 및 하부 스테이지,20191126,H01J 37/32,3,3
